/*
Description:  populate the Student Circuit project tables
Author: Winsum Chang
Version: 1.0
Date: Apr 24, 2019
*/

/*populate student table*/

insert into Student (StudentID, Fname, Lname, ChurchName, gender, grade) values (1001, 'Samuel', 'Disney', 'Christ Church', 'M', 6);
insert into Student (StudentID, Fname, Lname, ChurchName, gender, grade) values (1002, 'Sarah May', 'Tiffany', 'Christ Church', 'F', 7);
insert into Student (StudentID, Fname, Lname, ChurchName, gender, grade) values (1003, 'Jessica', 'Sutton', 'Christ Church', 'F', 8);
insert into Student (StudentID, Fname, Lname, ChurchName, gender, grade) values (1004, 'Jayden', 'Khai', 'Christ Church', 'M', 9);
insert into Student (StudentID, Fname, Lname, ChurchName, gender, grade) values (1005, 'Jocelyn', 'Azagba', 'Christ Church', 'F', 10);
insert into Student (StudentID, Fname, Lname, ChurchName, gender, grade) values (1006, 'Heidi', 'Norsworthy', 'Christ Church', 'F', 11);
insert into Student (StudentID, Fname, Lname, ChurchName, gender, grade) values (1007, 'Kai', 'Santos Leon', 'Christ Church', 'M', 12);
insert into Student (StudentID, Fname, Lname, ChurchName, gender, grade) values (1008, 'Lindsay', 'Alexander', 'Christ Church', 'F', 6);
insert into Student (StudentID, Fname, Lname, ChurchName, gender, grade) values (1009, 'Aidan', 'Koebler', 'Christ Church', 'M', 7);
insert into Student (StudentID, Fname, Lname, ChurchName, gender, grade) values (1010, 'Josh', 'Kim', 'Christ Church', 'M', 8);
insert into Student (StudentID, Fname, Lname, ChurchName, gender, grade) values (1011, 'Ella', 'Nuam', 'Christ Church', 'F', 9);
insert into Student (StudentID, Fname, Lname, ChurchName, gender, grade) values (1012, 'Mia', 'Holems', 'Christ Church', 'F', 10);
insert into Student (StudentID, Fname, Lname, ChurchName, gender, grade) values (1013, 'Noah', 'Kimmel', 'Christ Church', 'M', 11);
insert into Student (StudentID, Fname, Lname, ChurchName, gender, grade) values (1014, 'Cris', 'Caffitte', 'Christ Church', 'M', 12);
insert into Student (StudentID, Fname, Lname, ChurchName, gender, grade) values (1015, 'Sophie', 'Martinez', 'Christ Church', 'F', 6);
insert into Student (StudentID, Fname, Lname, ChurchName, gender, grade) values (1016, 'Kari', 'Ndang', 'Christ Church', 'F', 7);
insert into Student (StudentID, Fname, Lname, ChurchName, gender, grade) values (1017, 'Cambell', 'Cajayon', 'Christ Church', 'M', 8);
insert into Student (StudentID, Fname, Lname, ChurchName, gender, grade) values (1018, 'Ryleigh', 'Ayres', 'Christ Church', 'F', 9);
insert into Student (StudentID, Fname, Lname, ChurchName, gender, grade) values (1019, 'Brooke', 'Miller', 'Christ Church', 'F', 10);
insert into Student (StudentID, Fname, Lname, ChurchName, gender, grade) values (1020, 'Johnathan', 'Schilpp', 'Christ Church', 'M', 11);
insert into Student (StudentID, Fname, Lname, ChurchName, gender, grade) values (1021, 'Chris', 'Bechtold', 'Christ Church', 'M', 12);
insert into Student (StudentID, Fname, Lname, ChurchName, gender, grade) values (1022, 'Wen', 'Radcliffe', 'Christ Church', 'F', 6);
insert into Student (StudentID, Fname, Lname, ChurchName, gender, grade) values (1023, 'Lucas', 'Merrit', 'Christ Church', 'M', 7);
insert into Student (StudentID, Fname, Lname, ChurchName, gender, grade) values (1024, 'Dimitri', 'Gray', 'Christ Church', 'M', 11);
insert into Student (StudentID, Fname, Lname, ChurchName, gender, grade) values (1025, 'Sammie', 'Black', 'Christ Church', 'M', 8);
insert into Student (StudentID, Fname, Lname, ChurchName, gender, grade) values (1026, 'Audrey', 'Carroll', 'Christ Church', 'F', 9);
insert into Student (StudentID, Fname, Lname, ChurchName, gender, grade) values (1027, 'Andy', 'White', 'Christ Church', 'M', 10);
insert into Student (StudentID, Fname, Lname, ChurchName, gender, grade) values (1028, 'Sammi', 'Khai', 'Christ Church', 'F', 11);
insert into Student (StudentID, Fname, Lname, ChurchName, gender, grade) values (1029, 'Shanti', 'Mederos', 'Christ Church', 'F', 12);
insert into Student (StudentID, Fname, Lname, ChurchName, gender, grade) values (1030, 'Caroline', 'Stanley', 'Christ Church', 'F', 6);
insert into Student (StudentID, Fname, Lname, ChurchName, gender, grade) values (1031, 'Hannah', 'Miarer', 'Christ Church', 'F', 7);
insert into Student (StudentID, Fname, Lname, ChurchName, gender, grade) values (1032, 'Kelly', 'Lin', 'Christ Church', 'F', 8);
insert into Student (StudentID, Fname, Lname, ChurchName, gender, grade) values (1033, 'Will', 'Johnson', 'Christ Church', 'M', 9);
insert into Student (StudentID, Fname, Lname, ChurchName, gender, grade) values (1034, 'Evan', 'Sinclair', 'Christ Church', 'M', 10);
insert into Student (StudentID, Fname, Lname, ChurchName, gender, grade) values (1035, 'Nicole', 'Franklin', 'Christ Church', 'F', 11);
insert into Student (StudentID, Fname, Lname, ChurchName, gender, grade) values (1036, 'Jordan', 'Chaitovitz', 'Christ Church', 'F', 12);
insert into Student (StudentID, Fname, Lname, ChurchName, gender, grade) values (1037, 'Moriah', 'Oyejeuni', 'Christ Church', 'F', 6);
insert into Student (StudentID, Fname, Lname, ChurchName, gender, grade) values (1038, 'Leanna', 'Brigham', 'Christ Church', 'F', 7);
insert into Student (StudentID, Fname, Lname, ChurchName, gender, grade) values (1039, 'Johnathan', 'Trice', 'Christ Church', 'M', 8);
insert into Student (StudentID, Fname, Lname, ChurchName, gender, grade) values (1040, 'Gabby', 'Nitsch', 'Christ Church', 'F', 9);
insert into Student (StudentID, Fname, Lname, ChurchName, gender, grade) values (1041, 'Nathan', 'Cox', 'Christ Church', 'M', 10);
insert into Student (StudentID, Fname, Lname, ChurchName, gender, grade) values (1042, 'Kelton', 'Dixon', 'Christ Church', 'M', 11);
insert into Student (StudentID, Fname, Lname, ChurchName, gender, grade) values (1043, 'Seth', 'Huber', 'Christ Church', 'M', 12);
insert into Student (StudentID, Fname, Lname, ChurchName, gender, grade) values (1044, 'Allie', 'Klara', 'Christ Church', 'F', 6);
insert into Student (StudentID, Fname, Lname, ChurchName, gender, grade) values (1045, 'Aidan', 'Hartsell', 'Christ Church', 'M', 7);
insert into Student (StudentID, Fname, Lname, ChurchName, gender, grade) values (1046, 'Silas', 'Garland', 'Christ Church', 'M', 8);
insert into Student (StudentID, Fname, Lname, ChurchName, gender, grade) values (1047, 'Isabel', 'Locklear', 'Christ Church', 'F', 9);
insert into Student (StudentID, Fname, Lname, ChurchName, gender, grade) values (1048, 'Jackson', 'Alexander', 'Christ Church', 'M', 10);
insert into Student (StudentID, Fname, Lname, ChurchName, gender, grade) values (1049, 'Anna', 'James', 'Christ Church', 'F', 11);
insert into Student (StudentID, Fname, Lname, ChurchName, gender, grade) values (1050, 'Maddi', 'Chiang', 'Christ Church', 'F', 12);
insert into Student (StudentID, Fname, Lname, ChurchName, gender, grade) values (1051, 'Abby', 'Livermon', 'Christ Church', 'F', 6);
insert into Student (StudentID, Fname, Lname, ChurchName, gender, grade) values (1052, 'Autumn', 'Hax', 'Christ Church', 'F', 7);
insert into Student (StudentID, Fname, Lname, ChurchName, gender, grade) values (1053, 'Aiden', 'Stockman', 'Christ Church', 'M', 8);
insert into Student (StudentID, Fname, Lname, ChurchName, gender, grade) values (1054, 'Madison', 'Garrigus', 'Christ Church', 'F', 9);
insert into Student (StudentID, Fname, Lname, ChurchName, gender, grade) values (1055, 'Taylor', 'Ayers', 'Christ Church', 'F', 12);
insert into Student (StudentID, Fname, Lname, ChurchName, gender, grade) values (1056, 'Justin', 'Teclesenbet', 'Christ Church', 'M', 11);
insert into Student (StudentID, Fname, Lname, ChurchName, gender, grade) values (1057, 'Christian', 'Pogoda', 'Christ Church', 'M', 11);
insert into Student (StudentID, Fname, Lname, ChurchName, gender, grade) values (1058, 'Madi', 'Flores', 'Christ Church', 'F', 10);
insert into Student (StudentID, Fname, Lname, ChurchName, gender, grade) values (1059, 'Kirk', 'Oladokun', 'Christ Church', 'M', 11);
insert into Student (StudentID, Fname, Lname, ChurchName, gender, grade) values (1060, 'Cameron', 'Leiva', 'Christ Church', 'M', 12);
insert into Student (StudentID, Fname, Lname, ChurchName, gender, grade) values (1061, 'Jenny', 'Mung', 'Elkridge', 'F', 6);
insert into Student (StudentID, Fname, Lname, ChurchName, gender, grade) values (1062, 'Dylan ', 'Khai', 'Elkridge', 'M', 7);
insert into Student (StudentID, Fname, Lname, ChurchName, gender, grade) values (1063, 'Ethan', 'Lewis', 'Elkridge', 'M', 8);
insert into Student (StudentID, Fname, Lname, ChurchName, gender, grade) values (1064, 'Britteny', 'Pacheco', 'Elkridge', 'F', 9);
insert into Student (StudentID, Fname, Lname, ChurchName, gender, grade) values (1065, 'Lily', 'Gonzalez', 'Elkridge', 'F', 10);
insert into Student (StudentID, Fname, Lname, ChurchName, gender, grade) values (1066, 'Daysia', 'Stanley', 'FBC Beltsville', 'F', 11);
insert into Student (StudentID, Fname, Lname, ChurchName, gender, grade) values (1067, 'Kaya', 'Fikayo', 'FBC Beltsville', 'F', 12);
insert into Student (StudentID, Fname, Lname, ChurchName, gender, grade) values (1068, 'Selah', 'Khai', 'FBC Beltsville', 'F', 6);
insert into Student (StudentID, Fname, Lname, ChurchName, gender, grade) values (1069, 'Nichole', 'Taylor', 'FBC Beltsville', 'F', 7);
insert into Student (StudentID, Fname, Lname, ChurchName, gender, grade) values (1070, 'Analiese', 'Colon', 'FBC Beltsville', 'F', 8);
insert into Student (StudentID, Fname, Lname, ChurchName, gender, grade) values (1071, 'Fanwi', 'Seguin', 'FBC Beltsville', 'F', 9);
insert into Student (StudentID, Fname, Lname, ChurchName, gender, grade) values (1072, 'Shannon', 'Beckelhimer', 'FBC Beltsville', 'F', 10);
insert into Student (StudentID, Fname, Lname, ChurchName, gender, grade) values (1073, 'Kortni', 'Small', 'FBC Beltsville', 'F', 11);
insert into Student (StudentID, Fname, Lname, ChurchName, gender, grade) values (1074, 'Emmanuel', 'Lawrence', 'FBC Beltsville', 'M', 12);
insert into Student (StudentID, Fname, Lname, ChurchName, gender, grade) values (1075, 'Nick', 'Johnson', 'FBC Beltsville', 'M', 6);
insert into Student (StudentID, Fname, Lname, ChurchName, gender, grade) values (1076, 'Jake', 'Murphy', 'FBC Beltsville', 'M', 7);
insert into Student (StudentID, Fname, Lname, ChurchName, gender, grade) values (1077, 'Asia', 'Greene', 'FBC Savage', 'F', 8);
insert into Student (StudentID, Fname, Lname, ChurchName, gender, grade) values (1078, 'Ngun', 'Hoffmann', 'FBC Savage', 'F', 9);
insert into Student (StudentID, Fname, Lname, ChurchName, gender, grade) values (1079, 'Johan', 'Johnson', 'FBC Savage', 'M', 10);
insert into Student (StudentID, Fname, Lname, ChurchName, gender, grade) values (1080, 'Eddie', 'Ajimatanrareje', 'FBC Savage', 'M', 11);
insert into Student (StudentID, Fname, Lname, ChurchName, gender, grade) values (1081, 'Jesuseyi', 'Thomas', 'FBC Savage', 'F', 12);
insert into Student (StudentID, Fname, Lname, ChurchName, gender, grade) values (1082, 'Emmanuel', 'Bawi', 'FBC Savage', 'M', 6);
insert into Student (StudentID, Fname, Lname, ChurchName, gender, grade) values (1083, 'Jolani', 'Holland', 'FBC Savage', 'F', 7);
insert into Student (StudentID, Fname, Lname, ChurchName, gender, grade) values (1084, 'Timothy', 'Lorence', 'FBC Savage', 'M', 8);
insert into Student (StudentID, Fname, Lname, ChurchName, gender, grade) values (1085, 'Brianna', 'King', 'FBC Savage', 'F', 9);
insert into Student (StudentID, Fname, Lname, ChurchName, gender, grade) values (1086, 'Camryn', 'Pogoda', 'FBC Savage', 'F', 10);
insert into Student (StudentID, Fname, Lname, ChurchName, gender, grade) values (1087, 'Roy', 'Win', 'FBC Savage', 'M', 11);
insert into Student (StudentID, Fname, Lname, ChurchName, gender, grade) values (1088, 'Micaella', 'Scholz', 'FBC Savage', 'F', 12);
insert into Student (StudentID, Fname, Lname, ChurchName, gender, grade) values (1089, 'Rex', 'Woodall', 'FBC Savage', 'M', 6);
insert into Student (StudentID, Fname, Lname, ChurchName, gender, grade) values (1090, 'Isabel', 'Greene', 'FBC Savage', 'F', 7);
insert into Student (StudentID, Fname, Lname, ChurchName, gender, grade) values (1091, 'Victoria', 'Ledwell', 'FBC Savage', 'F', 8);
insert into Student (StudentID, Fname, Lname, ChurchName, gender, grade) values (1092, 'Elizabeth', 'Judd', 'FBC Woodbridge', 'F', 9);
insert into Student (StudentID, Fname, Lname, ChurchName, gender, grade) values (1093, 'Lillie', 'Santos Leon', 'FBC Woodbridge', 'F', 10);
insert into Student (StudentID, Fname, Lname, ChurchName, gender, grade) values (1094, 'Andy', 'Rubadue', 'FBC Woodbridge', 'M', 12);
insert into Student (StudentID, Fname, Lname, ChurchName, gender, grade) values (1095, 'Tyler', 'Olson', 'FBC Woodbridge', 'M', 11);
insert into Student (StudentID, Fname, Lname, ChurchName, gender, grade) values (1096, 'Stephen', 'Gale', 'FBC Woodbridge', 'M', 12);
insert into Student (StudentID, Fname, Lname, ChurchName, gender, grade) values (1097, 'Faith', 'Metzger', 'FBC Woodbridge', 'F', 6);
insert into Student (StudentID, Fname, Lname, ChurchName, gender, grade) values (1098, 'Erica', 'Beckelhimer', 'FBC Woodbridge', 'F', 7);
insert into Student (StudentID, Fname, Lname, ChurchName, gender, grade) values (1099, 'Kenneth', 'Mika', 'FBC Woodbridge', 'M', 8);
insert into Student (StudentID, Fname, Lname, ChurchName, gender, grade) values (1100, 'Michael', 'Chandler', 'FBC Woodbridge', 'M', 9);
insert into Student (StudentID, Fname, Lname, ChurchName, gender, grade) values (1101, 'Michael', 'Meyer', 'FBC Woodbridge', 'M', 10);
insert into Student (StudentID, Fname, Lname, ChurchName, gender, grade) values (1102, 'Ruth', 'Huber', 'FBC Woodbridge', 'F', 11);
insert into Student (StudentID, Fname, Lname, ChurchName, gender, grade) values (1103, 'Ella', 'Suppes', 'FBC Woodbridge', 'F', 12);
insert into Student (StudentID, Fname, Lname, ChurchName, gender, grade) values (1104, 'Lorna', 'Tiffany', 'FBC Woodbridge', 'F', 6);
insert into Student (StudentID, Fname, Lname, ChurchName, gender, grade) values (1105, 'Grace', 'Smith', 'FBC Woodbridge', 'F', 11);
insert into Student (StudentID, Fname, Lname, ChurchName, gender, grade) values (1106, 'Kelsea', 'Huber', 'FBC Woodbridge', 'F', 7);
insert into Student (StudentID, Fname, Lname, ChurchName, gender, grade) values (1107, 'Danielle', 'Bonnet', 'FBC Woodbridge', 'F', 8);
insert into Student (StudentID, Fname, Lname, ChurchName, gender, grade) values (1108, 'Taryn', 'Banks', 'FBC Woodbridge', 'F', 9);
insert into Student (StudentID, Fname, Lname, ChurchName, gender, grade) values (1109, 'Taylor', 'Baderman', 'FBC Woodbridge', 'F', 10);
insert into Student (StudentID, Fname, Lname, ChurchName, gender, grade) values (1110, 'Erin', 'Anyanwu', 'FBC Woodbridge', 'F', 11);
insert into Student (StudentID, Fname, Lname, ChurchName, gender, grade) values (1111, 'Syndey', 'Hoffmann', 'FBC Woodbridge', 'F', 12);
insert into Student (StudentID, Fname, Lname, ChurchName, gender, grade) values (1112, 'Isabella ', 'Antaya', 'FBC Woodbridge', 'F', 6);
insert into Student (StudentID, Fname, Lname, ChurchName, gender, grade) values (1113, 'Keagan', 'Graybill', 'FBC Woodbridge', 'F', 7);
insert into Student (StudentID, Fname, Lname, ChurchName, gender, grade) values (1114, 'Hope', 'Sand', 'FBC Woodbridge', 'F', 12);
insert into Student (StudentID, Fname, Lname, ChurchName, gender, grade) values (1115, 'Tracie', 'Smith', 'FBC Woodbridge', 'F', 11);
insert into Student (StudentID, Fname, Lname, ChurchName, gender, grade) values (1116, 'Trisha', 'Dixon', 'FBC Woodbridge', 'F', 11);
insert into Student (StudentID, Fname, Lname, ChurchName, gender, grade) values (1117, 'Hope', 'Chorei', 'FBC Woodbridge', 'F', 12);
insert into Student (StudentID, Fname, Lname, ChurchName, gender, grade) values (1118, 'Sierra', 'James', 'FBC Woodbridge', 'F', 12);
insert into Student (StudentID, Fname, Lname, ChurchName, gender, grade) values (1119, 'Hannah', 'Gale', 'FBC Woodbridge', 'F', 11);
insert into Student (StudentID, Fname, Lname, ChurchName, gender, grade) values (1120, 'Brandon', 'Harjes', 'FBC Woodbridge', 'M', 8);
insert into Student (StudentID, Fname, Lname, ChurchName, gender, grade) values (1121, 'Thomas', 'Baffour-Awuah', 'FBC Woodbridge', 'M', 9);
insert into Student (StudentID, Fname, Lname, ChurchName, gender, grade) values (1122, 'Robbie', 'Barr', 'FBC Woodbridge', 'M', 10);
insert into Student (StudentID, Fname, Lname, ChurchName, gender, grade) values (1123, 'Chandler', 'Khai', 'FBC Woodbridge', 'M', 11);
insert into Student (StudentID, Fname, Lname, ChurchName, gender, grade) values (1124, 'Nathan', 'Anastacio', 'FBC Woodbridge', 'M', 12);
insert into Student (StudentID, Fname, Lname, ChurchName, gender, grade) values (1125, 'Gabe', 'Poteet', 'FBC Woodbridge', 'M', 6);
insert into Student (StudentID, Fname, Lname, ChurchName, gender, grade) values (1126, 'Austin', 'Wewerka', 'FBC Woodbridge', 'M', 7);
insert into Student (StudentID, Fname, Lname, ChurchName, gender, grade) values (1127, 'Seth', 'Myers', 'FBC Woodbridge', 'M', 8);
insert into Student (StudentID, Fname, Lname, ChurchName, gender, grade) values (1128, 'Olivia', 'Disbrow', 'FBC Woodbridge', 'F', 9);
insert into Student (StudentID, Fname, Lname, ChurchName, gender, grade) values (1129, 'Bekah', 'Shouse', 'FBC Woodbridge', 'F', 10);
insert into Student (StudentID, Fname, Lname, ChurchName, gender, grade) values (1130, 'Maddie', 'Grinder', 'FBC Woodbridge', 'F', 12);
insert into Student (StudentID, Fname, Lname, ChurchName, gender, grade) values (1131, 'Ben', 'Santos', 'FBC Woodbridge', 'M', 11);
insert into Student (StudentID, Fname, Lname, ChurchName, gender, grade) values (1132, 'Brian', 'Sinclair', 'FBC Woodbridge', 'M', 12);
insert into Student (StudentID, Fname, Lname, ChurchName, gender, grade) values (1133, 'Jalen', 'Thompson', 'FBC Woodbridge', 'M', 6);
insert into Student (StudentID, Fname, Lname, ChurchName, gender, grade) values (1134, 'Luke', 'Mowry', 'FBC Woodbridge', 'M', 7);
insert into Student (StudentID, Fname, Lname, ChurchName, gender, grade) values (1135, 'Elizabeth', 'Pillar', 'FBC Woodbridge', 'F', 8);
insert into Student (StudentID, Fname, Lname, ChurchName, gender, grade) values (1136, 'Samantha', 'Torres', 'FBC Woodbridge', 'F', 9);
insert into Student (StudentID, Fname, Lname, ChurchName, gender, grade) values (1137, 'Olivia', 'Campbell', 'FBC Woodbridge', 'F', 10);
insert into Student (StudentID, Fname, Lname, ChurchName, gender, grade) values (1138, 'Kyle', 'Eam', 'Galilee', 'M', 11);
insert into Student (StudentID, Fname, Lname, ChurchName, gender, grade) values (1139, 'Lillian', 'Cajayon', 'Galilee', 'F', 12);
insert into Student (StudentID, Fname, Lname, ChurchName, gender, grade) values (1140, 'Maddie', 'Kraynak', 'Galilee', 'F', 6);
insert into Student (StudentID, Fname, Lname, ChurchName, gender, grade) values (1141, 'Abby', 'Kolawole', 'Galilee', 'F', 7);
insert into Student (StudentID, Fname, Lname, ChurchName, gender, grade) values (1142, 'Becca', 'Santos Leon', 'Galilee', 'F', 8);
insert into Student (StudentID, Fname, Lname, ChurchName, gender, grade) values (1143, 'Noah', 'Olson', 'Galilee', 'M', 9);
insert into Student (StudentID, Fname, Lname, ChurchName, gender, grade) values (1144, 'Ryan', 'Smith', 'Galilee', 'M', 10);
insert into Student (StudentID, Fname, Lname, ChurchName, gender, grade) values (1145, 'Drew', 'Shamp', 'Galilee', 'M', 11);
insert into Student (StudentID, Fname, Lname, ChurchName, gender, grade) values (1146, 'Alex', 'Hessabian', 'Galilee', 'M', 12);
insert into Student (StudentID, Fname, Lname, ChurchName, gender, grade) values (1147, 'Winston', 'Peace', 'Galilee', 'M', 6);
insert into Student (StudentID, Fname, Lname, ChurchName, gender, grade) values (1148, 'Tommy', 'Jennings', 'Galilee', 'M', 7);
insert into Student (StudentID, Fname, Lname, ChurchName, gender, grade) values (1149, 'Jared', 'Ellsmore', 'Galilee', 'M', 8);
insert into Student (StudentID, Fname, Lname, ChurchName, gender, grade) values (1150, 'Beatrice', 'Mederos', 'Galilee', 'F', 9);
insert into Student (StudentID, Fname, Lname, ChurchName, gender, grade) values (1151, 'Jordan', 'Aragon', 'Galilee', 'F', 10);
insert into Student (StudentID, Fname, Lname, ChurchName, gender, grade) values (1152, 'Megan', 'Zangla', 'Galilee', 'F', 11);
insert into Student (StudentID, Fname, Lname, ChurchName, gender, grade) values (1153, 'Melanie', 'Ardonuy', 'Galilee', 'F', 12);
insert into Student (StudentID, Fname, Lname, ChurchName, gender, grade) values (1154, 'Thomas', 'Hax', 'Hope Baptist', 'M', 6);
insert into Student (StudentID, Fname, Lname, ChurchName, gender, grade) values (1155, 'Mary', 'Demmah', 'Hope Baptist', 'F', 7);
insert into Student (StudentID, Fname, Lname, ChurchName, gender, grade) values (1156, 'Grace', 'Alt', 'Hope Baptist', 'F', 8);
insert into Student (StudentID, Fname, Lname, ChurchName, gender, grade) values (1157, 'Olivia', 'Bush', 'Hope Baptist', 'F', 9);
insert into Student (StudentID, Fname, Lname, ChurchName, gender, grade) values (1158, 'Maylyn', 'Wyble', 'Hope Baptist', 'F', 10);
insert into Student (StudentID, Fname, Lname, ChurchName, gender, grade) values (1159, 'John', 'Smusyn-Rote', 'Hope Baptist', 'M', 11);
insert into Student (StudentID, Fname, Lname, ChurchName, gender, grade) values (1160, 'Khup', 'Aragon', 'Hope Baptist', 'M', 12);
insert into Student (StudentID, Fname, Lname, ChurchName, gender, grade) values (1161, 'Thang', 'Judd', 'Hope Baptist', 'M', 6);
insert into Student (StudentID, Fname, Lname, ChurchName, gender, grade) values (1162, 'Thang', 'Lytle', 'Hope Baptist', 'M', 7);
insert into Student (StudentID, Fname, Lname, ChurchName, gender, grade) values (1163, 'Sage', 'Quinn', 'Hope Baptist', 'M', 8);
insert into Student (StudentID, Fname, Lname, ChurchName, gender, grade) values (1164, 'Maddie', 'Fasheun', 'Hope Baptist', 'F', 9);
insert into Student (StudentID, Fname, Lname, ChurchName, gender, grade) values (1165, 'Nik', 'Haries', 'Hope Baptist', 'M', 10);
insert into Student (StudentID, Fname, Lname, ChurchName, gender, grade) values (1166, 'Lian', 'Woodall', 'Hope Baptist', 'M', 11);
insert into Student (StudentID, Fname, Lname, ChurchName, gender, grade) values (1167, 'Dim', 'Sutton', 'Hope Baptist', 'F', 12);
insert into Student (StudentID, Fname, Lname, ChurchName, gender, grade) values (1168, 'Mikayla', 'Lewandowski', 'Hope Baptist', 'F', 6);
insert into Student (StudentID, Fname, Lname, ChurchName, gender, grade) values (1169, 'Fahari', 'Currier', 'Hope Baptist', 'M', 7);
insert into Student (StudentID, Fname, Lname, ChurchName, gender, grade) values (1170, 'Andrew', 'Lust', 'Hope Baptist', 'M', 8);
insert into Student (StudentID, Fname, Lname, ChurchName, gender, grade) values (1171, 'Vung', 'Khual', 'Hope Baptist', 'F', 9);
insert into Student (StudentID, Fname, Lname, ChurchName, gender, grade) values (1172, 'Ngiak', 'Wilson', 'Hope Baptist', 'F', 10);
insert into Student (StudentID, Fname, Lname, ChurchName, gender, grade) values (1173, 'Masaba', 'Hax', 'Hope Baptist', 'M', 11);
insert into Student (StudentID, Fname, Lname, ChurchName, gender, grade) values (1174, 'McKenzie', 'Baker', 'Hope Baptist', 'F', 12);
insert into Student (StudentID, Fname, Lname, ChurchName, gender, grade) values (1175, 'Zam', 'Wilson', 'Hope Baptist', 'F', 6);
insert into Student (StudentID, Fname, Lname, ChurchName, gender, grade) values (1176, 'Ngin', 'Opie', 'Hope Baptist', 'M', 7);
insert into Student (StudentID, Fname, Lname, ChurchName, gender, grade) values (1177, 'Mang', 'Evans', 'Hope Baptist', 'M', 8);
insert into Student (StudentID, Fname, Lname, ChurchName, gender, grade) values (1178, 'Zach', 'Oladokun', 'Hope Baptist', 'M', 9);
insert into Student (StudentID, Fname, Lname, ChurchName, gender, grade) values (1179, 'Nang', 'Peeler', 'Hope Baptist', 'M', 10);
insert into Student (StudentID, Fname, Lname, ChurchName, gender, grade) values (1180, 'Khai', 'Par', 'Hope Baptist', 'M', 11);
insert into Student (StudentID, Fname, Lname, ChurchName, gender, grade) values (1181, 'Micah', 'Svitak', 'Hope Baptist', 'M', 12);
insert into Student (StudentID, Fname, Lname, ChurchName, gender, grade) values (1182, 'Zach', 'Lay', 'Hope Baptist', 'M', 6);
insert into Student (StudentID, Fname, Lname, ChurchName, gender, grade) values (1183, 'Kaleb', 'Camper', 'Hope Baptist', 'M', 7);
insert into Student (StudentID, Fname, Lname, ChurchName, gender, grade) values (1184, 'Ana', 'Whitmore', 'Hope Baptist', 'F', 8);
insert into Student (StudentID, Fname, Lname, ChurchName, gender, grade) values (1185, 'Adeojo', 'Henderson', 'Hope Baptist', 'F', 9);
insert into Student (StudentID, Fname, Lname, ChurchName, gender, grade) values (1186, 'Susan', 'Philpott', 'Hope Baptist', 'F', 10);
insert into Student (StudentID, Fname, Lname, ChurchName, gender, grade) values (1187, 'Enuice', 'Briskman', 'Hope Baptist', 'F', 11);
insert into Student (StudentID, Fname, Lname, ChurchName, gender, grade) values (1188, 'Bunkay', 'Chaitovitz', 'Hope Baptist', 'F', 12);
insert into Student (StudentID, Fname, Lname, ChurchName, gender, grade) values (1189, 'Carlos', 'Klopfenstein', 'Hope Baptist', 'M', 6);
insert into Student (StudentID, Fname, Lname, ChurchName, gender, grade) values (1190, 'Liana', 'Green', 'Hope Baptist', 'F', 7);
insert into Student (StudentID, Fname, Lname, ChurchName, gender, grade) values (1191, 'Anthony', 'Olaboude', 'Hope Baptist', 'M', 8);
insert into Student (StudentID, Fname, Lname, ChurchName, gender, grade) values (1192, 'Ayanfe', 'Pederson', 'Hope Baptist', 'M', 9);
insert into Student (StudentID, Fname, Lname, ChurchName, gender, grade) values (1193, 'Peyton', 'Olewa', 'Hope Baptist', 'F', 11);
insert into Student (StudentID, Fname, Lname, ChurchName, gender, grade) values (1194, 'Gerald', 'Murphy', 'Hope Baptist', 'M', 10);
insert into Student (StudentID, Fname, Lname, ChurchName, gender, grade) values (1195, 'Charlie', 'Mitchell', 'Oak Grove Baptist', 'M', 11);
insert into Student (StudentID, Fname, Lname, ChurchName, gender, grade) values (1196, 'Bethany', 'Ardouny', 'Oak Grove Baptist', 'F', 12);
insert into Student (StudentID, Fname, Lname, ChurchName, gender, grade) values (1197, 'Andrew', 'Taylor', 'Oak Grove Baptist', 'M', 6);
insert into Student (StudentID, Fname, Lname, ChurchName, gender, grade) values (1198, 'Abigail', 'Bowen', 'Oak Grove Baptist', 'F', 7);
insert into Student (StudentID, Fname, Lname, ChurchName, gender, grade) values (1199, 'Jenna', 'Megan', 'Oak Grove Baptist', 'F', 8);
insert into Student (StudentID, Fname, Lname, ChurchName, gender, grade) values (1200, 'Connor', 'Bricker', 'Oak Grove Baptist', 'M', 9);
insert into Student (StudentID, Fname, Lname, ChurchName, gender, grade) values (1201, 'Jade', 'Baker', 'Oak Grove Baptist', 'F', 10);
insert into Student (StudentID, Fname, Lname, ChurchName, gender, grade) values (1202, 'Alan', 'Peeler', 'Oak Grove Baptist', 'M', 11);
insert into Student (StudentID, Fname, Lname, ChurchName, gender, grade) values (1203, 'Ethan', '', 'Oak Grove Baptist', 'M', 12);
insert into Student (StudentID, Fname, Lname, ChurchName, gender, grade) values (1204, 'Lindsey', 'Myers', 'Oak Grove Baptist', 'F', 6);
insert into Student (StudentID, Fname, Lname, ChurchName, gender, grade) values (1205, 'Maria', 'McKeown', 'Oak Grove Baptist', 'F', 7);
insert into Student (StudentID, Fname, Lname, ChurchName, gender, grade) values (1206, 'Ashley', 'Haselberger', 'Oak Grove Baptist', 'F', 8);
insert into Student (StudentID, Fname, Lname, ChurchName, gender, grade) values (1207, 'Evan ', 'Judd', 'Oak Grove Baptist', 'M', 9);
insert into Student (StudentID, Fname, Lname, ChurchName, gender, grade) values (1208, 'David', 'Baker', 'Oak Grove Baptist', 'M', 10);
insert into Student (StudentID, Fname, Lname, ChurchName, gender, grade) values (1209, 'Molly', 'Mang', 'Oak Grove Baptist', 'F', 11);
insert into Student (StudentID, Fname, Lname, ChurchName, gender, grade) values (1210, 'Alyssa', 'Serio', 'Oak Grove Baptist', 'F', 12);
insert into Student (StudentID, Fname, Lname, ChurchName, gender, grade) values (1211, 'Lindsay', 'Nelson', 'Oak Grove Baptist', 'F', 6);
insert into Student (StudentID, Fname, Lname, ChurchName, gender, grade) values (1212, 'Natalie', 'Steele', 'Oak Grove Baptist', 'F', 7);
insert into Student (StudentID, Fname, Lname, ChurchName, gender, grade) values (1213, 'Kaitlyn', 'Okada', 'Oak Grove Baptist', 'F', 8);
insert into Student (StudentID, Fname, Lname, ChurchName, gender, grade) values (1214, 'Benjamin', 'Brigham', 'Oak Grove Baptist', 'M', 11);
insert into Student (StudentID, Fname, Lname, ChurchName, gender, grade) values (1215, 'Thang', 'Quinn', 'Oak Grove Baptist', 'M', 9);
insert into Student (StudentID, Fname, Lname, ChurchName, gender, grade) values (1216, 'Evangelyn', 'Olewa', 'Oak Grove Baptist', 'F', 10);
insert into Student (StudentID, Fname, Lname, ChurchName, gender, grade) values (1217, 'Sarah May', 'Ojie', 'Oasis', 'F', 11);
insert into Student (StudentID, Fname, Lname, ChurchName, gender, grade) values (1218, 'Maia', 'Wooton', 'Oasis', 'F', 12);
insert into Student (StudentID, Fname, Lname, ChurchName, gender, grade) values (1219, 'Chloe', 'Vung', 'Oasis', 'F', 6);
insert into Student (StudentID, Fname, Lname, ChurchName, gender, grade) values (1220, 'Caroline', 'Basar', 'Oasis', 'F', 7);
insert into Student (StudentID, Fname, Lname, ChurchName, gender, grade) values (1221, 'Lily', 'Osheilds', 'Oasis', 'F', 8);
insert into Student (StudentID, Fname, Lname, ChurchName, gender, grade) values (1222, 'Maci ', 'Ledbetter', 'Oasis', 'F', 9);
insert into Student (StudentID, Fname, Lname, ChurchName, gender, grade) values (1223, 'Becca', 'Hammond', 'Oasis', 'F', 10);
insert into Student (StudentID, Fname, Lname, ChurchName, gender, grade) values (1224, 'Ayla', 'Wooton', 'Oasis', 'F', 11);
insert into Student (StudentID, Fname, Lname, ChurchName, gender, grade) values (1225, 'Analisa', 'Davis', 'Oasis', 'F', 12);
insert into Student (StudentID, Fname, Lname, ChurchName, gender, grade) values (1226, 'Ashton', 'Lopez', 'Oasis', 'M', 6);
insert into Student (StudentID, Fname, Lname, ChurchName, gender, grade) values (1227, 'Tristen', 'Azato', 'Oasis', 'M', 7);
insert into Student (StudentID, Fname, Lname, ChurchName, gender, grade) values (1228, 'Evangelyn', 'Clarke', 'Oasis', 'F', 8);
insert into Student (StudentID, Fname, Lname, ChurchName, gender, grade) values (1229, 'Parker', 'Cajayon', 'Oasis', 'M', 9);
insert into Student (StudentID, Fname, Lname, ChurchName, gender, grade) values (1230, 'Meredith', 'Fetter', 'Redeeming Grace', 'F', 10);
insert into Student (StudentID, Fname, Lname, ChurchName, gender, grade) values (1231, 'Lydia', 'Radcliffe', 'Redeeming Grace', 'F', 11);
insert into Student (StudentID, Fname, Lname, ChurchName, gender, grade) values (1232, 'P.J.', 'Thomas', 'Redeeming Grace', 'M', 12);
insert into Student (StudentID, Fname, Lname, ChurchName, gender, grade) values (1233, 'Gavin', 'Carroll', 'Redeeming Grace', 'M', 6);
insert into Student (StudentID, Fname, Lname, ChurchName, gender, grade) values (1234, 'Josiah', 'Branch', 'Redeeming Grace', 'M', 7);
insert into Student (StudentID, Fname, Lname, ChurchName, gender, grade) values (1235, 'Cathryn', 'Evans', 'Redeeming Grace', 'F', 8);
insert into Student (StudentID, Fname, Lname, ChurchName, gender, grade) values (1236, 'Caleb', 'Mackenzie', 'Redeeming Grace', 'M', 9);
insert into Student (StudentID, Fname, Lname, ChurchName, gender, grade) values (1237, 'Leah', 'Baderman', 'Redeeming Grace', 'F', 10);
insert into Student (StudentID, Fname, Lname, ChurchName, gender, grade) values (1238, 'Sophie', 'Rogers', 'Redeeming Grace', 'F', 11);
insert into Student (StudentID, Fname, Lname, ChurchName, gender, grade) values (1239, 'Liana', 'Laing', 'Redeeming Grace', 'F', 12);
insert into Student (StudentID, Fname, Lname, ChurchName, gender, grade) values (1240, 'Amelia', 'Azato', 'Redeeming Grace', 'F', 6);
insert into Student (StudentID, Fname, Lname, ChurchName, gender, grade) values (1241, 'Caleb', 'Tuang', 'Redeeming Grace', 'M', 7);
insert into Student (StudentID, Fname, Lname, ChurchName, gender, grade) values (1242, 'Jasmine', 'Antaya', 'Redeeming Grace', 'F', 8);
insert into Student (StudentID, Fname, Lname, ChurchName, gender, grade) values (1243, 'Joy', 'Judd', 'Redeeming Grace', 'F', 9);
insert into Student (StudentID, Fname, Lname, ChurchName, gender, grade) values (1244, 'Samuel', 'Aragon', 'Redeeming Grace', 'M', 10);
insert into Student (StudentID, Fname, Lname, ChurchName, gender, grade) values (1245, 'Joshua', 'Chiang', 'Redeeming Grace', 'M', 11);
insert into Student (StudentID, Fname, Lname, ChurchName, gender, grade) values (1246, 'Nathan', 'Pavlick', 'Redeeming Grace', 'M', 12);
insert into Student (StudentID, Fname, Lname, ChurchName, gender, grade) values (1247, 'Joseph', 'Garrigus', 'Redeeming Grace', 'M', 6);
insert into Student (StudentID, Fname, Lname, ChurchName, gender, grade) values (1248, 'Stephen', 'Davis', 'Redeeming Grace', 'M', 7);
insert into Student (StudentID, Fname, Lname, ChurchName, gender, grade) values (1249, 'Josiah', 'Groff', 'Redeeming Grace', 'M', 8);
insert into Student (StudentID, Fname, Lname, ChurchName, gender, grade) values (1250, 'Lydia', 'Charbonneau', 'Redeeming Grace', 'F', 9);
insert into Student (StudentID, Fname, Lname, ChurchName, gender, grade) values (1251, 'Joseph', 'Azagba', 'Redeeming Grace', 'M', 10);
insert into Student (StudentID, Fname, Lname, ChurchName, gender, grade) values (1252, 'Caleb', 'Sutton', 'Trinity Baptist', 'M', 11);
insert into Student (StudentID, Fname, Lname, ChurchName, gender, grade) values (1253, 'Annie', 'Oyejeuni', 'Trinity Baptist', 'F', 12);
insert into Student (StudentID, Fname, Lname, ChurchName, gender, grade) values (1254, 'Niyema', 'Smith', 'Trinity Baptist', 'F', 6);
insert into Student (StudentID, Fname, Lname, ChurchName, gender, grade) values (1255, 'Alexa', 'Myers', 'Trinity Baptist', 'F', 7);
insert into Student (StudentID, Fname, Lname, ChurchName, gender, grade) values (1256, 'Alyssa', 'Henderson', 'Trinity Baptist', 'F', 8);
insert into Student (StudentID, Fname, Lname, ChurchName, gender, grade) values (1257, 'Jordan', 'Venable', 'Trinity Baptist', 'M', 9);
insert into Student (StudentID, Fname, Lname, ChurchName, gender, grade) values (1258, 'Jasmine', 'Schaaf', 'Trinity Baptist', 'F', 10);
insert into Student (StudentID, Fname, Lname, ChurchName, gender, grade) values (1259, 'Lillian', 'Sutton', 'Trinity Baptist', 'F', 11);
insert into Student (StudentID, Fname, Lname, ChurchName, gender, grade) values (1260, 'Samya', 'Merrit', 'Trinity Baptist', 'F', 12);
insert into Student (StudentID, Fname, Lname, ChurchName, gender, grade) values (1261, 'Jeremiah', 'Sturgis', 'Trinity Baptist', 'M', 6);
insert into Student (StudentID, Fname, Lname, ChurchName, gender, grade) values (1262, 'Josh', 'Maxfield', 'Trinity Baptist', 'M', 7);
--
/*populate circuit table*/
insert into Circuit (circuitID, circuitName, minSize, maxSize) values(1, 'A Servants Heart', 0, 15);
insert into Circuit (circuitID, circuitName, minSize, maxSize) values(2, 'All Aboard! (Board Games)', 0, 15);
insert into Circuit (circuitID, circuitName, minSize, maxSize) values(3, 'Apologetics', 0, 15);
insert into Circuit (circuitID, circuitName, minSize, maxSize) values(4, 'Creative Canvas', 0, 15);
insert into Circuit (circuitID, circuitName, minSize, maxSize) values(5, 'Creative Writing', 0, 15);
insert into Circuit (circuitID, circuitName, minSize, maxSize) values(6, 'Dance (Leap of Faith)', 0, 15);
insert into Circuit (circuitID, circuitName, minSize, maxSize) values(7, 'Drama', 0, 15);
insert into Circuit (circuitID, circuitName, minSize, maxSize) values(8, 'Flag Football', 0, 15);
insert into Circuit (circuitID, circuitName, minSize, maxSize) values(9, 'Girl Talk', 10, 15);
insert into Circuit (circuitID, circuitName, minSize, maxSize) values(10, 'Gospel Messengers', 0, 15);
insert into Circuit (circuitID, circuitName, minSize, maxSize) values(11, 'Intimacy with God', 0, 15);
insert into Circuit (circuitID, circuitName, minSize, maxSize) values(12, 'Lets Kick It (Soccer)', 0, 15);
insert into Circuit (circuitID, circuitName, minSize, maxSize) values(13, 'Man Up', 10, 15);
insert into Circuit (circuitID, circuitName, minSize, maxSize) values(14, 'Outdoor Games', 0, 20);
insert into Circuit (circuitID, circuitName, minSize, maxSize) values(15, 'Paintball', 0, 10);
insert into Circuit (circuitID, circuitName, minSize, maxSize) values(16, 'Superheroes of Faith', 0, 15);
insert into Circuit (circuitID, circuitName, minSize, maxSize) values(17, 'The Bible and the Brain', 0, 15);
insert into Circuit (circuitID, circuitName, minSize, maxSize) values(18, 'To Infinity and Beyond', 10, 15);
insert into Circuit (circuitID, circuitName, minSize, maxSize) values(19, 'Turn It Up ', 0, 15);
insert into Circuit (circuitID, circuitName, minSize, maxSize) values(20, 'Ultimate Frisbee', 0, 15);

--
/*populate genderreq table*/
insert into GenderReq(circuitID, gender) values (9, 'F');
insert into GenderReq(circuitID, gender) values (13, 'M');
--
/*populate gradereq table*/
insert into GradeReq(circuitID, Grade) values (18, 11);
--
/*populate assignment table*/
insert into Assignment (studentID, CircuitID, circuitGrp) value (1001, 2, 'Circuit A');
insert into Assignment (studentID, CircuitID, circuitGrp) value (1002, 9, 'Circuit A');
insert into Assignment (studentID, CircuitID, circuitGrp) value (1003, 10, 'Circuit A');
insert into Assignment (studentID, CircuitID, circuitGrp) value (1004, 3, 'Circuit A');
insert into Assignment (studentID, CircuitID, circuitGrp) value (1005, 17, 'Circuit A');
insert into Assignment (studentID, CircuitID, circuitGrp) value (1006, 18, 'Circuit A');
insert into Assignment (studentID, CircuitID, circuitGrp) value (1007, 13, 'Circuit A');
insert into Assignment (studentID, CircuitID, circuitGrp) value (1008, 4, 'Circuit A');
insert into Assignment (studentID, CircuitID, circuitGrp) value (1009, 10, 'Circuit A');
insert into Assignment (studentID, CircuitID, circuitGrp) value (1010, 14, 'Circuit A');
insert into Assignment (studentID, CircuitID, circuitGrp) value (1011, 16, 'Circuit A');
insert into Assignment (studentID, CircuitID, circuitGrp) value (1012, 7, 'Circuit A');
insert into Assignment (studentID, CircuitID, circuitGrp) value (1013, 15, 'Circuit A');
insert into Assignment (studentID, CircuitID, circuitGrp) value (1014, 18, 'Circuit A');
insert into Assignment (studentID, CircuitID, circuitGrp) value (1015, 15, 'Circuit A');
insert into Assignment (studentID, CircuitID, circuitGrp) value (1016, 8, 'Circuit A');
insert into Assignment (studentID, CircuitID, circuitGrp) value (1017, 4, 'Circuit A');
insert into Assignment (studentID, CircuitID, circuitGrp) value (1018, 8, 'Circuit A');
insert into Assignment (studentID, CircuitID, circuitGrp) value (1019, 4, 'Circuit A');
insert into Assignment (studentID, CircuitID, circuitGrp) value (1020, 18, 'Circuit A');
insert into Assignment (studentID, CircuitID, circuitGrp) value (1021, 18, 'Circuit A');
insert into Assignment (studentID, CircuitID, circuitGrp) value (1022, 3, 'Circuit A');
insert into Assignment (studentID, CircuitID, circuitGrp) value (1023, 14, 'Circuit A');
insert into Assignment (studentID, CircuitID, circuitGrp) value (1024, 20, 'Circuit A');
insert into Assignment (studentID, CircuitID, circuitGrp) value (1025, 10, 'Circuit A');
insert into Assignment (studentID, CircuitID, circuitGrp) value (1026, 10, 'Circuit A');
insert into Assignment (studentID, CircuitID, circuitGrp) value (1027, 14, 'Circuit A');
insert into Assignment (studentID, CircuitID, circuitGrp) value (1028, 18, 'Circuit A');
insert into Assignment (studentID, CircuitID, circuitGrp) value (1029, 8, 'Circuit A');
insert into Assignment (studentID, CircuitID, circuitGrp) value (1030, 14, 'Circuit A');
insert into Assignment (studentID, CircuitID, circuitGrp) value (1031, 14, 'Circuit A');
insert into Assignment (studentID, CircuitID, circuitGrp) value (1032, 14, 'Circuit A');
insert into Assignment (studentID, CircuitID, circuitGrp) value (1033, 14, 'Circuit A');
insert into Assignment (studentID, CircuitID, circuitGrp) value (1034, 14, 'Circuit A');
insert into Assignment (studentID, CircuitID, circuitGrp) value (1035, 3, 'Circuit A');
insert into Assignment (studentID, CircuitID, circuitGrp) value (1036, 18, 'Circuit A');
insert into Assignment (studentID, CircuitID, circuitGrp) value (1037, 7, 'Circuit A');
insert into Assignment (studentID, CircuitID, circuitGrp) value (1038, 7, 'Circuit A');
insert into Assignment (studentID, CircuitID, circuitGrp) value (1039, 14, 'Circuit A');
insert into Assignment (studentID, CircuitID, circuitGrp) value (1040, 3, 'Circuit A');
insert into Assignment (studentID, CircuitID, circuitGrp) value (1041, 19 'Circuit A');
insert into Assignment (studentID, CircuitID, circuitGrp) value (1042, 19, 'Circuit A');
insert into Assignment (studentID, CircuitID, circuitGrp) value (1043, 14, 'Circuit A');
insert into Assignment (studentID, CircuitID, circuitGrp) value (1044, 9, 'Circuit A');
insert into Assignment (studentID, CircuitID, circuitGrp) value (1045, 4, 'Circuit A');
insert into Assignment (studentID, CircuitID, circuitGrp) value (1046, 15, 'Circuit A');
insert into Assignment (studentID, CircuitID, circuitGrp) value (1047, 8, 'Circuit A');
insert into Assignment (studentID, CircuitID, circuitGrp) value (1048, 14, 'Circuit A');
insert into Assignment (studentID, CircuitID, circuitGrp) value (1049, 7, 'Circuit A');
insert into Assignment (studentID, CircuitID, circuitGrp) value (1050, 17, 'Circuit A');
insert into Assignment (studentID, CircuitID, circuitGrp) value (1051, 2, 'Circuit A');
insert into Assignment (studentID, CircuitID, circuitGrp) value (1052, 17, 'Circuit A');
insert into Assignment (studentID, CircuitID, circuitGrp) value (1053, 14, 'Circuit A');
insert into Assignment (studentID, CircuitID, circuitGrp) value (1054, 12, 'Circuit A');
insert into Assignment (studentID, CircuitID, circuitGrp) value (1055, 7, 'Circuit A');
insert into Assignment (studentID, CircuitID, circuitGrp) value (1056, 13, 'Circuit A');
insert into Assignment (studentID, CircuitID, circuitGrp) value (1057, 18, 'Circuit A');
insert into Assignment (studentID, CircuitID, circuitGrp) value (1058, 7, 'Circuit A');
insert into Assignment (studentID, CircuitID, circuitGrp) value (1059, 5, 'Circuit A');
insert into Assignment (studentID, CircuitID, circuitGrp) value (1060, 6, 'Circuit A');
insert into Assignment (studentID, CircuitID, circuitGrp) value (1061, 7, 'Circuit A');
insert into Assignment (studentID, CircuitID, circuitGrp) value (1062, 4, 'Circuit A');
insert into Assignment (studentID, CircuitID, circuitGrp) value (1063, 6, 'Circuit A');
insert into Assignment (studentID, CircuitID, circuitGrp) value (1064, 4, 'Circuit A');
insert into Assignment (studentID, CircuitID, circuitGrp) value (1065, 4, 'Circuit A');
insert into Assignment (studentID, CircuitID, circuitGrp) value (1066, 16, 'Circuit A');
insert into Assignment (studentID, CircuitID, circuitGrp) value (1067, 17, 'Circuit A');
insert into Assignment (studentID, CircuitID, circuitGrp) value (1068, 17, 'Circuit A');
insert into Assignment (studentID, CircuitID, circuitGrp) value (1069, 16, 'Circuit A');
insert into Assignment (studentID, CircuitID, circuitGrp) value (1070, 12, 'Circuit A');
insert into Assignment (studentID, CircuitID, circuitGrp) value (1071, 2, 'Circuit A');
insert into Assignment (studentID, CircuitID, circuitGrp) value (1072, 16, 'Circuit A');
insert into Assignment (studentID, CircuitID, circuitGrp) value (1073, 2, 'Circuit A');
insert into Assignment (studentID, CircuitID, circuitGrp) value (1074, 15, 'Circuit A');
insert into Assignment (studentID, CircuitID, circuitGrp) value (1075, 12, 'Circuit A');
insert into Assignment (studentID, CircuitID, circuitGrp) value (1076, 12, 'Circuit A');
insert into Assignment (studentID, CircuitID, circuitGrp) value (1077, 15, 'Circuit A');
insert into Assignment (studentID, CircuitID, circuitGrp) value (1078, 6, 'Circuit A');
insert into Assignment (studentID, CircuitID, circuitGrp) value (1079, 13, 'Circuit A');
insert into Assignment (studentID, CircuitID, circuitGrp) value (1080, 13, 'Circuit A');
insert into Assignment (studentID, CircuitID, circuitGrp) value (1081, 18, 'Circuit A');
insert into Assignment (studentID, CircuitID, circuitGrp) value (1082, 3, 'Circuit A');
insert into Assignment (studentID, CircuitID, circuitGrp) value (1083, 19, 'Circuit A');
insert into Assignment (studentID, CircuitID, circuitGrp) value (1084, 20, 'Circuit A');
insert into Assignment (studentID, CircuitID, circuitGrp) value (1085, 6, 'Circuit A');
insert into Assignment (studentID, CircuitID, circuitGrp) value (1086, 15, 'Circuit A');
insert into Assignment (studentID, CircuitID, circuitGrp) value (1087, 18, 'Circuit A');
insert into Assignment (studentID, CircuitID, circuitGrp) value (1088, 4, 'Circuit A');
insert into Assignment (studentID, CircuitID, circuitGrp) value (1089, 3, 'Circuit A');
insert into Assignment (studentID, CircuitID, circuitGrp) value (1090, 1, 'Circuit A');
insert into Assignment (studentID, CircuitID, circuitGrp) value (1091, 5, 'Circuit A');
insert into Assignment (studentID, CircuitID, circuitGrp) value (1092, 20, 'Circuit A');
insert into Assignment (studentID, CircuitID, circuitGrp) value (1093, 7, 'Circuit A');
insert into Assignment (studentID, CircuitID, circuitGrp) value (1094, 20, 'Circuit A');
insert into Assignment (studentID, CircuitID, circuitGrp) value (1095, 14, 'Circuit A');
insert into Assignment (studentID, CircuitID, circuitGrp) value (1096, 20, 'Circuit A');
insert into Assignment (studentID, CircuitID, circuitGrp) value (1097, 19, 'Circuit A');
insert into Assignment (studentID, CircuitID, circuitGrp) value (1098, 5, 'Circuit A');
insert into Assignment (studentID, CircuitID, circuitGrp) value (1099, 14, 'Circuit A');
insert into Assignment (studentID, CircuitID, circuitGrp) value (1100, 13, 'Circuit A');
insert into Assignment (studentID, CircuitID, circuitGrp) value (1101, 13, 'Circuit A');
insert into Assignment (studentID, CircuitID, circuitGrp) value (1102, 19, 'Circuit A');
insert into Assignment (studentID, CircuitID, circuitGrp) value (1103, 5, 'Circuit A');
insert into Assignment (studentID, CircuitID, circuitGrp) value (1104, 16, 'Circuit A');
insert into Assignment (studentID, CircuitID, circuitGrp) value (1105, 17, 'Circuit A');
insert into Assignment (studentID, CircuitID, circuitGrp) value (1106, 5, 'Circuit A');
insert into Assignment (studentID, CircuitID, circuitGrp) value (1107, 19, 'Circuit A');
insert into Assignment (studentID, CircuitID, circuitGrp) value (1108, 19, 'Circuit A');
insert into Assignment (studentID, CircuitID, circuitGrp) value (1109, 8, 'Circuit A');
insert into Assignment (studentID, CircuitID, circuitGrp) value (1110, 19, 'Circuit A');
insert into Assignment (studentID, CircuitID, circuitGrp) value (1111, 3, 'Circuit A');
insert into Assignment (studentID, CircuitID, circuitGrp) value (1112, 8, 'Circuit A');
insert into Assignment (studentID, CircuitID, circuitGrp) value (1113, 2, 'Circuit A');
insert into Assignment (studentID, CircuitID, circuitGrp) value (1114, 2, 'Circuit A');
insert into Assignment (studentID, CircuitID, circuitGrp) value (1115, 17, 'Circuit A');
insert into Assignment (studentID, CircuitID, circuitGrp) value (1116, 2, 'Circuit A');
insert into Assignment (studentID, CircuitID, circuitGrp) value (1117, 2, 'Circuit A');
insert into Assignment (studentID, CircuitID, circuitGrp) value (1118, 2, 'Circuit A');
insert into Assignment (studentID, CircuitID, circuitGrp) value (1119, 2, 'Circuit A');
insert into Assignment (studentID, CircuitID, circuitGrp) value (1120, 13, 'Circuit A');
insert into Assignment (studentID, CircuitID, circuitGrp) value (1121, 11, 'Circuit A');
insert into Assignment (studentID, CircuitID, circuitGrp) value (1122, 4, 'Circuit A');
insert into Assignment (studentID, CircuitID, circuitGrp) value (1123, 17, 'Circuit A');
insert into Assignment (studentID, CircuitID, circuitGrp) value (1124, 14, 'Circuit A');
insert into Assignment (studentID, CircuitID, circuitGrp) value (1125, 14, 'Circuit A');
insert into Assignment (studentID, CircuitID, circuitGrp) value (1126, 15, 'Circuit A');
insert into Assignment (studentID, CircuitID, circuitGrp) value (1127, 15, 'Circuit A');
insert into Assignment (studentID, CircuitID, circuitGrp) value (1128, 5, 'Circuit A');
insert into Assignment (studentID, CircuitID, circuitGrp) value (1129, 5, 'Circuit A');
insert into Assignment (studentID, CircuitID, circuitGrp) value (1130, 18, 'Circuit A');
insert into Assignment (studentID, CircuitID, circuitGrp) value (1131, 6, 'Circuit A');
insert into Assignment (studentID, CircuitID, circuitGrp) value (1132, 16, 'Circuit A');
insert into Assignment (studentID, CircuitID, circuitGrp) value (1133, 1, 'Circuit A');
insert into Assignment (studentID, CircuitID, circuitGrp) value (1134, 6, 'Circuit A');
insert into Assignment (studentID, CircuitID, circuitGrp) value (1135, 9, 'Circuit A');
insert into Assignment (studentID, CircuitID, circuitGrp) value (1136, 3, 'Circuit A');
insert into Assignment (studentID, CircuitID, circuitGrp) value (1137, 4, 'Circuit A');
insert into Assignment (studentID, CircuitID, circuitGrp) value (1138, 19, 'Circuit A');
insert into Assignment (studentID, CircuitID, circuitGrp) value (1139, 9, 'Circuit A');
insert into Assignment (studentID, CircuitID, circuitGrp) value (1140, 17, 'Circuit A');
insert into Assignment (studentID, CircuitID, circuitGrp) value (1141, 9, 'Circuit A');
insert into Assignment (studentID, CircuitID, circuitGrp) value (1142, 9, 'Circuit A');
insert into Assignment (studentID, CircuitID, circuitGrp) value (1143, 20, 'Circuit A');
insert into Assignment (studentID, CircuitID, circuitGrp) value (1144, 6, 'Circuit A');
insert into Assignment (studentID, CircuitID, circuitGrp) value (1145, 11, 'Circuit A');
insert into Assignment (studentID, CircuitID, circuitGrp) value (1146, 1, 'Circuit A');
insert into Assignment (studentID, CircuitID, circuitGrp) value (1147, 15, 'Circuit A');
insert into Assignment (studentID, CircuitID, circuitGrp) value (1148, 1, 'Circuit A');
insert into Assignment (studentID, CircuitID, circuitGrp) value (1149, 6, 'Circuit A');
insert into Assignment (studentID, CircuitID, circuitGrp) value (1150, 4, 'Circuit A');
insert into Assignment (studentID, CircuitID, circuitGrp) value (1151, 3, 'Circuit A');
insert into Assignment (studentID, CircuitID, circuitGrp) value (1152, 2, 'Circuit A');
insert into Assignment (studentID, CircuitID, circuitGrp) value (1153, 18, 'Circuit A');
insert into Assignment (studentID, CircuitID, circuitGrp) value (1154, 2, 'Circuit A');
insert into Assignment (studentID, CircuitID, circuitGrp) value (1155, 5, 'Circuit A');
insert into Assignment (studentID, CircuitID, circuitGrp) value (1156, 5, 'Circuit A');
insert into Assignment (studentID, CircuitID, circuitGrp) value (1157, 10, 'Circuit A');
insert into Assignment (studentID, CircuitID, circuitGrp) value (1158, 10, 'Circuit A');
insert into Assignment (studentID, CircuitID, circuitGrp) value (1159, 1, 'Circuit A');
insert into Assignment (studentID, CircuitID, circuitGrp) value (1160, 20, 'Circuit A');
insert into Assignment (studentID, CircuitID, circuitGrp) value (1161, 13, 'Circuit A');
insert into Assignment (studentID, CircuitID, circuitGrp) value (1162, 16, 'Circuit A');
insert into Assignment (studentID, CircuitID, circuitGrp) value (1163, 13, 'Circuit A');
insert into Assignment (studentID, CircuitID, circuitGrp) value (1164, 10, 'Circuit A');
insert into Assignment (studentID, CircuitID, circuitGrp) value (1165, 20, 'Circuit A');
insert into Assignment (studentID, CircuitID, circuitGrp) value (1166, 7, 'Circuit A');
insert into Assignment (studentID, CircuitID, circuitGrp) value (1167, 9, 'Circuit A');
insert into Assignment (studentID, CircuitID, circuitGrp) value (1168, 4, 'Circuit A');
insert into Assignment (studentID, CircuitID, circuitGrp) value (1169, 20, 'Circuit A');
insert into Assignment (studentID, CircuitID, circuitGrp) value (1170, 8, 'Circuit A');
insert into Assignment (studentID, CircuitID, circuitGrp) value (1171, 9, 'Circuit A');
insert into Assignment (studentID, CircuitID, circuitGrp) value (1172, 9, 'Circuit A');
insert into Assignment (studentID, CircuitID, circuitGrp) value (1173, 16, 'Circuit A');
insert into Assignment (studentID, CircuitID, circuitGrp) value (1174, 5, 'Circuit A');
insert into Assignment (studentID, CircuitID, circuitGrp) value (1175, 6, 'Circuit A');
insert into Assignment (studentID, CircuitID, circuitGrp) value (1176, 13, 'Circuit A');
insert into Assignment (studentID, CircuitID, circuitGrp) value (1177, 16, 'Circuit A');
insert into Assignment (studentID, CircuitID, circuitGrp) value (1178, 7, 'Circuit A');
insert into Assignment (studentID, CircuitID, circuitGrp) value (1179, 13, 'Circuit A');
insert into Assignment (studentID, CircuitID, circuitGrp) value (1180, 16, 'Circuit A');
insert into Assignment (studentID, CircuitID, circuitGrp) value (1181, 20, 'Circuit A');
insert into Assignment (studentID, CircuitID, circuitGrp) value (1182, 5, 'Circuit A');
insert into Assignment (studentID, CircuitID, circuitGrp) value (1183, 13, 'Circuit A');
insert into Assignment (studentID, CircuitID, circuitGrp) value (1184, 5, 'Circuit A');
insert into Assignment (studentID, CircuitID, circuitGrp) value (1185, 4, 'Circuit A');
insert into Assignment (studentID, CircuitID, circuitGrp) value (1186, 19, 'Circuit A');
insert into Assignment (studentID, CircuitID, circuitGrp) value (1187, 19, 'Circuit A');
insert into Assignment (studentID, CircuitID, circuitGrp) value (1188, 19, 'Circuit A');
insert into Assignment (studentID, CircuitID, circuitGrp) value (1189, 3, 'Circuit A');
insert into Assignment (studentID, CircuitID, circuitGrp) value (1190, 9, 'Circuit A');
insert into Assignment (studentID, CircuitID, circuitGrp) value (1191, 3, 'Circuit A');
insert into Assignment (studentID, CircuitID, circuitGrp) value (1192, 13, 'Circuit A');
insert into Assignment (studentID, CircuitID, circuitGrp) value (1193, 20, 'Circuit A');
insert into Assignment (studentID, CircuitID, circuitGrp) value (1194, 17, 'Circuit A');
insert into Assignment (studentID, CircuitID, circuitGrp) value (1195, 17, 'Circuit A');
insert into Assignment (studentID, CircuitID, circuitGrp) value (1196, 7, 'Circuit A');
insert into Assignment (studentID, CircuitID, circuitGrp) value (1197, 17, 'Circuit A');
insert into Assignment (studentID, CircuitID, circuitGrp) value (1198, 6, 'Circuit A');
insert into Assignment (studentID, CircuitID, circuitGrp) value (1299, 20, 'Circuit A');
insert into Assignment (studentID, CircuitID, circuitGrp) value (1200, 19, 'Circuit A');
insert into Assignment (studentID, CircuitID, circuitGrp) value (1201, 16, 'Circuit A');
insert into Assignment (studentID, CircuitID, circuitGrp) value (1202, 10, 'Circuit A');
insert into Assignment (studentID, CircuitID, circuitGrp) value (1203, 10, 'Circuit A');
insert into Assignment (studentID, CircuitID, circuitGrp) value (1204, 2, 'Circuit A');
insert into Assignment (studentID, CircuitID, circuitGrp) value (1205, 10, 'Circuit A');
insert into Assignment (studentID, CircuitID, circuitGrp) value (1206, 14, 'Circuit A');
insert into Assignment (studentID, CircuitID, circuitGrp) value (1207, 20, 'Circuit A');
insert into Assignment (studentID, CircuitID, circuitGrp) value (1208, 20, 'Circuit A');
insert into Assignment (studentID, CircuitID, circuitGrp) value (1209, 20, 'Circuit A');
insert into Assignment (studentID, CircuitID, circuitGrp) value (1210, 9, 'Circuit A');
insert into Assignment (studentID, CircuitID, circuitGrp) value (1211, 7, 'Circuit A');
insert into Assignment (studentID, CircuitID, circuitGrp) value (1212, 9, 'Circuit A');
insert into Assignment (studentID, CircuitID, circuitGrp) value (1213, 8, 'Circuit A');
insert into Assignment (studentID, CircuitID, circuitGrp) value (1214, 18, 'Circuit A');
insert into Assignment (studentID, CircuitID, circuitGrp) value (1215, 1, 'Circuit A');
insert into Assignment (studentID, CircuitID, circuitGrp) value (1216, 1, 'Circuit A');
insert into Assignment (studentID, CircuitID, circuitGrp) value (1217, 7, 'Circuit A');
insert into Assignment (studentID, CircuitID, circuitGrp) value (1218, 7, 'Circuit A');
insert into Assignment (studentID, CircuitID, circuitGrp) value (1219, 6, 'Circuit A');
insert into Assignment (studentID, CircuitID, circuitGrp) value (1220, 5, 'Circuit A');
insert into Assignment (studentID, CircuitID, circuitGrp) value (1221, 6, 'Circuit A');
insert into Assignment (studentID, CircuitID, circuitGrp) value (1222, 5, 'Circuit A');
insert into Assignment (studentID, CircuitID, circuitGrp) value (1223, 4, 'Circuit A');
insert into Assignment (studentID, CircuitID, circuitGrp) value (1224, 16, 'Circuit A');
insert into Assignment (studentID, CircuitID, circuitGrp) value (1225, 15, 'Circuit A');
insert into Assignment (studentID, CircuitID, circuitGrp) value (1226, 10, 'Circuit A');
insert into Assignment (studentID, CircuitID, circuitGrp) value (1227, 10, 'Circuit A');
insert into Assignment (studentID, CircuitID, circuitGrp) value (1228, 19, 'Circuit A');
insert into Assignment (studentID, CircuitID, circuitGrp) value (1229, 17, 'Circuit A');
insert into Assignment (studentID, CircuitID, circuitGrp) value (1230, 16, 'Circuit A');
insert into Assignment (studentID, CircuitID, circuitGrp) value (1231, 18, 'Circuit A');
insert into Assignment (studentID, CircuitID, circuitGrp) value (1232, 14, 'Circuit A');
insert into Assignment (studentID, CircuitID, circuitGrp) value (1233, 3, 'Circuit A');
insert into Assignment (studentID, CircuitID, circuitGrp) value (1234, 14, 'Circuit A');
insert into Assignment (studentID, CircuitID, circuitGrp) value (1235, 12, 'Circuit A');
insert into Assignment (studentID, CircuitID, circuitGrp) value (1236, 2, 'Circuit A');
insert into Assignment (studentID, CircuitID, circuitGrp) value (1237, 3, 'Circuit A');
insert into Assignment (studentID, CircuitID, circuitGrp) value (1238, 12, 'Circuit A');
insert into Assignment (studentID, CircuitID, circuitGrp) value (1239, 16, 'Circuit A');
insert into Assignment (studentID, CircuitID, circuitGrp) value (1240, 14, 'Circuit A');
insert into Assignment (studentID, CircuitID, circuitGrp) value (1241, 17, 'Circuit A');
insert into Assignment (studentID, CircuitID, circuitGrp) value (1242, 4, 'Circuit A');
insert into Assignment (studentID, CircuitID, circuitGrp) value (1243, 6, 'Circuit A');
insert into Assignment (studentID, CircuitID, circuitGrp) value (1244, 13, 'Circuit A');
insert into Assignment (studentID, CircuitID, circuitGrp) value (1245, 13, 'Circuit A');
insert into Assignment (studentID, CircuitID, circuitGrp) value (1246, 12, 'Circuit A');
insert into Assignment (studentID, CircuitID, circuitGrp) value (1247, 8, 'Circuit A');
insert into Assignment (studentID, CircuitID, circuitGrp) value (1248, 1, 'Circuit A');
insert into Assignment (studentID, CircuitID, circuitGrp) value (1249, 6, 'Circuit A');
insert into Assignment (studentID, CircuitID, circuitGrp) value (1250, 7, 'Circuit A');
insert into Assignment (studentID, CircuitID, circuitGrp) value (1251, 10, 'Circuit A');
insert into Assignment (studentID, CircuitID, circuitGrp) value (1252, 5, 'Circuit A');
insert into Assignment (studentID, CircuitID, circuitGrp) value (1253, 10, 'Circuit A');
insert into Assignment (studentID, CircuitID, circuitGrp) value (1254, 9, 'Circuit A');
insert into Assignment (studentID, CircuitID, circuitGrp) value (1255, 9, 'Circuit A');
insert into Assignment (studentID, CircuitID, circuitGrp) value (1256, 9, 'Circuit A');
insert into Assignment (studentID, CircuitID, circuitGrp) value (1257, 10, 'Circuit A');
insert into Assignment (studentID, CircuitID, circuitGrp) value (1258, 16, 'Circuit A');
insert into Assignment (studentID, CircuitID, circuitGrp) value (1259, 17, 'Circuit A');
insert into Assignment (studentID, CircuitID, circuitGrp) value (1260, 2, 'Circuit A');
insert into Assignment (studentID, CircuitID, circuitGrp) value (1261, 19, 'Circuit A');
insert into Assignment (studentID, CircuitID, circuitGrp) value (1262, 6, 'Circuit A');
insert into Assignment (studentID, CircuitID, circuitGrp) value (1001, 1, 'Circuit B');
insert into Assignment (studentID, CircuitID, circuitGrp) value (1002, 4, 'Circuit B');
insert into Assignment (studentID, CircuitID, circuitGrp) value (1003, 5, 'Circuit B');
insert into Assignment (studentID, CircuitID, circuitGrp) value (1004, 17, 'Circuit B');
insert into Assignment (studentID, CircuitID, circuitGrp) value (1005, 9, 'Circuit B');
insert into Assignment (studentID, CircuitID, circuitGrp) value (1006, 9, 'Circuit B');
insert into Assignment (studentID, CircuitID, circuitGrp) value (1007, 20, 'Circuit B');
insert into Assignment (studentID, CircuitID, circuitGrp) value (1008, 1, 'Circuit B');
insert into Assignment (studentID, CircuitID, circuitGrp) value (1009, 13, 'Circuit B');
insert into Assignment (studentID, CircuitID, circuitGrp) value (1010, 8, 'Circuit B');
insert into Assignment (studentID, CircuitID, circuitGrp) value (1011, 6, 'Circuit B');
insert into Assignment (studentID, CircuitID, circuitGrp) value (1012, 19, 'Circuit B');
insert into Assignment (studentID, CircuitID, circuitGrp) value (1013, 8, 'Circuit B');
insert into Assignment (studentID, CircuitID, circuitGrp) value (1014, 8, 'Circuit B');
insert into Assignment (studentID, CircuitID, circuitGrp) value (1015, 8, 'Circuit B');
insert into Assignment (studentID, CircuitID, circuitGrp) value (1016, 16, 'Circuit B');
insert into Assignment (studentID, CircuitID, circuitGrp) value (1017, 8, 'Circuit B');
insert into Assignment (studentID, CircuitID, circuitGrp) value (1018, 2, 'Circuit B');
insert into Assignment (studentID, CircuitID, circuitGrp) value (1019, 5, 'Circuit B');
insert into Assignment (studentID, CircuitID, circuitGrp) value (1020, 7, 'Circuit B');
insert into Assignment (studentID, CircuitID, circuitGrp) value (1021, 5, 'Circuit B');
insert into Assignment (studentID, CircuitID, circuitGrp) value (1022, 4, 'Circuit B');
insert into Assignment (studentID, CircuitID, circuitGrp) value (1023, 3, 'Circuit B');
insert into Assignment (studentID, CircuitID, circuitGrp) value (1024, 18, 'Circuit B');
insert into Assignment (studentID, CircuitID, circuitGrp) value (1025, 1, 'Circuit B');
insert into Assignment (studentID, CircuitID, circuitGrp) value (1026, 1, 'Circuit B');
insert into Assignment (studentID, CircuitID, circuitGrp) value (1027, 1, 'Circuit B');
insert into Assignment (studentID, CircuitID, circuitGrp) value (1028, 12, 'Circuit B');
insert into Assignment (studentID, CircuitID, circuitGrp) value (1029, 4, 'Circuit B');
insert into Assignment (studentID, CircuitID, circuitGrp) value (1030, 15, 'Circuit B');
insert into Assignment (studentID, CircuitID, circuitGrp) value (1031, 4, 'Circuit B');
insert into Assignment (studentID, CircuitID, circuitGrp) value (1032, 4, 'Circuit B');
insert into Assignment (studentID, CircuitID, circuitGrp) value (1033, 17, 'Circuit B');
insert into Assignment (studentID, CircuitID, circuitGrp) value (1034, 13, 'Circuit B');
insert into Assignment (studentID, CircuitID, circuitGrp) value (1035, 16, 'Circuit B');
insert into Assignment (studentID, CircuitID, circuitGrp) value (1036, 3, 'Circuit B');
insert into Assignment (studentID, CircuitID, circuitGrp) value (1037, 9, 'Circuit B');
insert into Assignment (studentID, CircuitID, circuitGrp) value (1038, 9, 'Circuit B');
insert into Assignment (studentID, CircuitID, circuitGrp) value (1039, 12, 'Circuit B');
insert into Assignment (studentID, CircuitID, circuitGrp) value (1040, 1, 'Circuit B');
insert into Assignment (studentID, CircuitID, circuitGrp) value (1041, 16, 'Circuit B');
insert into Assignment (studentID, CircuitID, circuitGrp) value (1042, 18, 'Circuit B');
insert into Assignment (studentID, CircuitID, circuitGrp) value (1043, 13, 'Circuit B');
insert into Assignment (studentID, CircuitID, circuitGrp) value (1044, 5, 'Circuit B');
insert into Assignment (studentID, CircuitID, circuitGrp) value (1045, 14, 'Circuit B');
insert into Assignment (studentID, CircuitID, circuitGrp) value (1046, 14, 'Circuit B');
insert into Assignment (studentID, CircuitID, circuitGrp) value (1047, 6, 'Circuit B');
insert into Assignment (studentID, CircuitID, circuitGrp) value (1048, 10, 'Circuit B');
insert into Assignment (studentID, CircuitID, circuitGrp) value (1049, 9, 'Circuit B');
insert into Assignment (studentID, CircuitID, circuitGrp) value (1050, 3, 'Circuit B');
insert into Assignment (studentID, CircuitID, circuitGrp) value (1051, 3, 'Circuit B');
insert into Assignment (studentID, CircuitID, circuitGrp) value (1052, 3, 'Circuit B');
insert into Assignment (studentID, CircuitID, circuitGrp) value (1053, 13, 'Circuit B');
insert into Assignment (studentID, CircuitID, circuitGrp) value (1054, 8, 'Circuit B');
insert into Assignment (studentID, CircuitID, circuitGrp) value (1055, 19, 'Circuit B');
insert into Assignment (studentID, CircuitID, circuitGrp) value (1056, 20, 'Circuit B');
insert into Assignment (studentID, CircuitID, circuitGrp) value (1057, 20, 'Circuit B');
insert into Assignment (studentID, CircuitID, circuitGrp) value (1058, 6, 'Circuit B');
insert into Assignment (studentID, CircuitID, circuitGrp) value (1059, 13, 'Circuit B');
insert into Assignment (studentID, CircuitID, circuitGrp) value (1060, 18, 'Circuit B');
insert into Assignment (studentID, CircuitID, circuitGrp) value (1061, 9, 'Circuit B');
insert into Assignment (studentID, CircuitID, circuitGrp) value (1062, 20, 'Circuit B');
insert into Assignment (studentID, CircuitID, circuitGrp) value (1063, 1, 'Circuit B');
insert into Assignment (studentID, CircuitID, circuitGrp) value (1064, 9, 'Circuit B');
insert into Assignment (studentID, CircuitID, circuitGrp) value (1065, 9, 'Circuit B');
insert into Assignment (studentID, CircuitID, circuitGrp) value (1066, 18, 'Circuit B');
insert into Assignment (studentID, CircuitID, circuitGrp) value (1067, 3, 'Circuit B');
insert into Assignment (studentID, CircuitID, circuitGrp) value (1068, 3, 'Circuit B');
insert into Assignment (studentID, CircuitID, circuitGrp) value (1069, 6, 'Circuit B');
insert into Assignment (studentID, CircuitID, circuitGrp) value (1070, 14, 'Circuit B');
insert into Assignment (studentID, CircuitID, circuitGrp) value (1071, 14, 'Circuit B');
insert into Assignment (studentID, CircuitID, circuitGrp) value (1072, 11, 'Circuit B');
insert into Assignment (studentID, CircuitID, circuitGrp) value (1073, 5, 'Circuit B');
insert into Assignment (studentID, CircuitID, circuitGrp) value (1074, 16, 'Circuit B');
insert into Assignment (studentID, CircuitID, circuitGrp) value (1075, 17, 'Circuit B');
insert into Assignment (studentID, CircuitID, circuitGrp) value (1076, 10, 'Circuit B');
insert into Assignment (studentID, CircuitID, circuitGrp) value (1077, 2, 'Circuit B');
insert into Assignment (studentID, CircuitID, circuitGrp) value (1078, 14, 'Circuit B');
insert into Assignment (studentID, CircuitID, circuitGrp) value (1079, 2, 'Circuit B');
insert into Assignment (studentID, CircuitID, circuitGrp) value (1080, 20, 'Circuit B');
insert into Assignment (studentID, CircuitID, circuitGrp) value (1081, 20, 'Circuit B');
insert into Assignment (studentID, CircuitID, circuitGrp) value (1082, 15, 'Circuit B');
insert into Assignment (studentID, CircuitID, circuitGrp) value (1083, 1, 'Circuit B');
insert into Assignment (studentID, CircuitID, circuitGrp) value (1084, 12, 'Circuit B');
insert into Assignment (studentID, CircuitID, circuitGrp) value (1085, 19, 'Circuit B');
insert into Assignment (studentID, CircuitID, circuitGrp) value (1086, 6, 'Circuit B');
insert into Assignment (studentID, CircuitID, circuitGrp) value (1087, 13, 'Circuit B');
insert into Assignment (studentID, CircuitID, circuitGrp) value (1088, 2, 'Circuit B');
insert into Assignment (studentID, CircuitID, circuitGrp) value (1089, 14, 'Circuit B');
insert into Assignment (studentID, CircuitID, circuitGrp) value (1090, 5, 'Circuit B');
insert into Assignment (studentID, CircuitID, circuitGrp) value (1091, 7, 'Circuit B');
insert into Assignment (studentID, CircuitID, circuitGrp) value (1092, 14, 'Circuit B');
insert into Assignment (studentID, CircuitID, circuitGrp) value (1093, 6, 'Circuit B');
insert into Assignment (studentID, CircuitID, circuitGrp) value (1094, 14, 'Circuit B');
insert into Assignment (studentID, CircuitID, circuitGrp) value (1095, 18, 'Circuit B');
insert into Assignment (studentID, CircuitID, circuitGrp) value (1096, 19, 'Circuit B');
insert into Assignment (studentID, CircuitID, circuitGrp) value (1097, 2, 'Circuit B');
insert into Assignment (studentID, CircuitID, circuitGrp) value (1098, 4, 'Circuit B');
insert into Assignment (studentID, CircuitID, circuitGrp) value (1099, 8, 'Circuit B');
insert into Assignment (studentID, CircuitID, circuitGrp) value (1100, 7, 'Circuit B');
insert into Assignment (studentID, CircuitID, circuitGrp) value (1101, 16, 'Circuit B');
insert into Assignment (studentID, CircuitID, circuitGrp) value (1102, 11, 'Circuit B');
insert into Assignment (studentID, CircuitID, circuitGrp) value (1103, 9, 'Circuit B');
insert into Assignment (studentID, CircuitID, circuitGrp) value (1104, 9, 'Circuit B');
insert into Assignment (studentID, CircuitID, circuitGrp) value (1105, 1, 'Circuit B');
insert into Assignment (studentID, CircuitID, circuitGrp) value (1106, 11, 'Circuit B');
insert into Assignment (studentID, CircuitID, circuitGrp) value (1107, 2, 'Circuit B');
insert into Assignment (studentID, CircuitID, circuitGrp) value (1108, 4, 'Circuit B');
insert into Assignment (studentID, CircuitID, circuitGrp) value (1109, 10, 'Circuit B');
insert into Assignment (studentID, CircuitID, circuitGrp) value (1110, 15, 'Circuit B');
insert into Assignment (studentID, CircuitID, circuitGrp) value (1111, 4, 'Circuit B');
insert into Assignment (studentID, CircuitID, circuitGrp) value (1112, 11, 'Circuit B');
insert into Assignment (studentID, CircuitID, circuitGrp) value (1113, 6, 'Circuit B');
insert into Assignment (studentID, CircuitID, circuitGrp) value (1114, 19, 'Circuit B');
insert into Assignment (studentID, CircuitID, circuitGrp) value (1115, 6, 'Circuit B');
insert into Assignment (studentID, CircuitID, circuitGrp) value (1116, 19, 'Circuit B');
insert into Assignment (studentID, CircuitID, circuitGrp) value (1117, 19, 'Circuit B');
insert into Assignment (studentID, CircuitID, circuitGrp) value (1118, 19, 'Circuit B');
insert into Assignment (studentID, CircuitID, circuitGrp) value (1119, 7, 'Circuit B');
insert into Assignment (studentID, CircuitID, circuitGrp) value (1120, 11, 'Circuit B');
insert into Assignment (studentID, CircuitID, circuitGrp) value (1121, 14, 'Circuit B');
insert into Assignment (studentID, CircuitID, circuitGrp) value (1122, 12, 'Circuit B');
insert into Assignment (studentID, CircuitID, circuitGrp) value (1123, 1, 'Circuit B');
insert into Assignment (studentID, CircuitID, circuitGrp) value (1124, 18, 'Circuit B');
insert into Assignment (studentID, CircuitID, circuitGrp) value (1125, 16, 'Circuit B');
insert into Assignment (studentID, CircuitID, circuitGrp) value (1126, 13, 'Circuit B');
insert into Assignment (studentID, CircuitID, circuitGrp) value (1127, 19, 'Circuit B');
insert into Assignment (studentID, CircuitID, circuitGrp) value (1128, 10, 'Circuit B');
insert into Assignment (studentID, CircuitID, circuitGrp) value (1129, 7, 'Circuit B');
insert into Assignment (studentID, CircuitID, circuitGrp) value (1130, 15, 'Circuit B');
insert into Assignment (studentID, CircuitID, circuitGrp) value (1131, 8, 'Circuit B');
insert into Assignment (studentID, CircuitID, circuitGrp) value (1132, 8, 'Circuit B');
insert into Assignment (studentID, CircuitID, circuitGrp) value (1133, 13, 'Circuit B');
insert into Assignment (studentID, CircuitID, circuitGrp) value (1134, 8, 'Circuit B');
insert into Assignment (studentID, CircuitID, circuitGrp) value (1135, 10, 'Circuit B');
insert into Assignment (studentID, CircuitID, circuitGrp) value (1136, 9, 'Circuit B');
insert into Assignment (studentID, CircuitID, circuitGrp) value (1137, 16, 'Circuit B');
insert into Assignment (studentID, CircuitID, circuitGrp) value (1138, 17, 'Circuit B');
insert into Assignment (studentID, CircuitID, circuitGrp) value (1139, 12, 'Circuit B');
insert into Assignment (studentID, CircuitID, circuitGrp) value (1140, 4, 'Circuit B');
insert into Assignment (studentID, CircuitID, circuitGrp) value (1141, 5, 'Circuit B');
insert into Assignment (studentID, CircuitID, circuitGrp) value (1142, 6, 'Circuit B');
insert into Assignment (studentID, CircuitID, circuitGrp) value (1143, 10, 'Circuit B');
insert into Assignment (studentID, CircuitID, circuitGrp) value (1144, 20, 'Circuit B');
insert into Assignment (studentID, CircuitID, circuitGrp) value (1145, 14, 'Circuit B');
insert into Assignment (studentID, CircuitID, circuitGrp) value (1146, 16, 'Circuit B');
insert into Assignment (studentID, CircuitID, circuitGrp) value (1147, 7, 'Circuit B');
insert into Assignment (studentID, CircuitID, circuitGrp) value (1148, 11, 'Circuit B');
insert into Assignment (studentID, CircuitID, circuitGrp) value (1149, 14, 'Circuit B');
insert into Assignment (studentID, CircuitID, circuitGrp) value (1150, 7, 'Circuit B');
insert into Assignment (studentID, CircuitID, circuitGrp) value (1151, 2, 'Circuit B');
insert into Assignment (studentID, CircuitID, circuitGrp) value (1152, 14, 'Circuit B');
insert into Assignment (studentID, CircuitID, circuitGrp) value (1153, 15, 'Circuit B');
insert into Assignment (studentID, CircuitID, circuitGrp) value (1154, 14, 'Circuit B');
insert into Assignment (studentID, CircuitID, circuitGrp) value (1155, 3, 'Circuit B');
insert into Assignment (studentID, CircuitID, circuitGrp) value (1156, 10, 'Circuit B');
insert into Assignment (studentID, CircuitID, circuitGrp) value (1157, 15, 'Circuit B');
insert into Assignment (studentID, CircuitID, circuitGrp) value (1158, 4, 'Circuit B');
insert into Assignment (studentID, CircuitID, circuitGrp) value (1159, 14, 'Circuit B');
insert into Assignment (studentID, CircuitID, circuitGrp) value (1160, 18, 'Circuit B');
insert into Assignment (studentID, CircuitID, circuitGrp) value (1161, 2, 'Circuit B');
insert into Assignment (studentID, CircuitID, circuitGrp) value (1162, 5, 'Circuit B');
insert into Assignment (studentID, CircuitID, circuitGrp) value (1163, 6, 'Circuit B');
insert into Assignment (studentID, CircuitID, circuitGrp) value (1164, 1, 'Circuit B');
insert into Assignment (studentID, CircuitID, circuitGrp) value (1165, 8, 'Circuit B');
insert into Assignment (studentID, CircuitID, circuitGrp) value (1166, 17, 'Circuit B');
insert into Assignment (studentID, CircuitID, circuitGrp) value (1167, 4, 'Circuit B');
insert into Assignment (studentID, CircuitID, circuitGrp) value (1168, 6, 'Circuit B');
insert into Assignment (studentID, CircuitID, circuitGrp) value (1169, 17, 'Circuit B');
insert into Assignment (studentID, CircuitID, circuitGrp) value (1170, 11, 'Circuit B');
insert into Assignment (studentID, CircuitID, circuitGrp) value (1171, 3, 'Circuit B');
insert into Assignment (studentID, CircuitID, circuitGrp) value (1172, 3, 'Circuit B');
insert into Assignment (studentID, CircuitID, circuitGrp) value (1173, 19, 'Circuit B');
insert into Assignment (studentID, CircuitID, circuitGrp) value (1174, 4, 'Circuit B');
insert into Assignment (studentID, CircuitID, circuitGrp) value (1175, 2, 'Circuit B');
insert into Assignment (studentID, CircuitID, circuitGrp) value (1176, 6, 'Circuit B');
insert into Assignment (studentID, CircuitID, circuitGrp) value (1177, 14, 'Circuit B');
insert into Assignment (studentID, CircuitID, circuitGrp) value (1178, 13, 'Circuit B');
insert into Assignment (studentID, CircuitID, circuitGrp) value (1179, 6, 'Circuit B');
insert into Assignment (studentID, CircuitID, circuitGrp) value (1180, 3, 'Circuit B');
insert into Assignment (studentID, CircuitID, circuitGrp) value (1181, 1, 'Circuit B');
insert into Assignment (studentID, CircuitID, circuitGrp) value (1182, 13, 'Circuit B');
insert into Assignment (studentID, CircuitID, circuitGrp) value (1183, 17, 'Circuit B');
insert into Assignment (studentID, CircuitID, circuitGrp) value (1184, 10, 'Circuit B');
insert into Assignment (studentID, CircuitID, circuitGrp) value (1185, 12, 'Circuit B');
insert into Assignment (studentID, CircuitID, circuitGrp) value (1186, 4, 'Circuit B');
insert into Assignment (studentID, CircuitID, circuitGrp) value (1187, 4, 'Circuit B');
insert into Assignment (studentID, CircuitID, circuitGrp) value (1188, 6, 'Circuit B');
insert into Assignment (studentID, CircuitID, circuitGrp) value (1189, 14, 'Circuit B');
insert into Assignment (studentID, CircuitID, circuitGrp) value (1190, 2, 'Circuit B');
insert into Assignment (studentID, CircuitID, circuitGrp) value (1191, 13, 'Circuit B');
insert into Assignment (studentID, CircuitID, circuitGrp) value (1192, 14, 'Circuit B');
insert into Assignment (studentID, CircuitID, circuitGrp) value (1193, 3, 'Circuit B');
insert into Assignment (studentID, CircuitID, circuitGrp) value (1194, 10, 'Circuit B');
insert into Assignment (studentID, CircuitID, circuitGrp) value (1195, 20, 'Circuit B');
insert into Assignment (studentID, CircuitID, circuitGrp) value (1196, 5, 'Circuit B');
insert into Assignment (studentID, CircuitID, circuitGrp) value (1197, 13, 'Circuit B');
insert into Assignment (studentID, CircuitID, circuitGrp) value (1198, 7, 'Circuit B');
insert into Assignment (studentID, CircuitID, circuitGrp) value (1299, 9, 'Circuit B');
insert into Assignment (studentID, CircuitID, circuitGrp) value (1200, 14, 'Circuit B');
insert into Assignment (studentID, CircuitID, circuitGrp) value (1201, 15, 'Circuit B');
insert into Assignment (studentID, CircuitID, circuitGrp) value (1202, 20, 'Circuit B');
insert into Assignment (studentID, CircuitID, circuitGrp) value (1203, 20, 'Circuit B');
insert into Assignment (studentID, CircuitID, circuitGrp) value (1204, 6, 'Circuit B');
insert into Assignment (studentID, CircuitID, circuitGrp) value (1205, 9, 'Circuit B');
insert into Assignment (studentID, CircuitID, circuitGrp) value (1206, 17, 'Circuit B');
insert into Assignment (studentID, CircuitID, circuitGrp) value (1207, 13, 'Circuit B');
insert into Assignment (studentID, CircuitID, circuitGrp) value (1208, 13, 'Circuit B');
insert into Assignment (studentID, CircuitID, circuitGrp) value (1209, 9, 'Circuit B');
insert into Assignment (studentID, CircuitID, circuitGrp) value (1210, 19, 'Circuit B');
insert into Assignment (studentID, CircuitID, circuitGrp) value (1211, 19, 'Circuit B');
insert into Assignment (studentID, CircuitID, circuitGrp) value (1212, 12, 'Circuit B');
insert into Assignment (studentID, CircuitID, circuitGrp) value (1213, 9, 'Circuit B');
insert into Assignment (studentID, CircuitID, circuitGrp) value (1214, 1, 'Circuit B');
insert into Assignment (studentID, CircuitID, circuitGrp) value (1215, 15, 'Circuit B');
insert into Assignment (studentID, CircuitID, circuitGrp) value (1216, 7, 'Circuit B');
insert into Assignment (studentID, CircuitID, circuitGrp) value (1217, 17, 'Circuit B');
insert into Assignment (studentID, CircuitID, circuitGrp) value (1218, 8, 'Circuit B');
insert into Assignment (studentID, CircuitID, circuitGrp) value (1219, 17, 'Circuit B');
insert into Assignment (studentID, CircuitID, circuitGrp) value (1220, 7, 'Circuit B');
insert into Assignment (studentID, CircuitID, circuitGrp) value (1221, 3, 'Circuit B');
insert into Assignment (studentID, CircuitID, circuitGrp) value (1222, 11, 'Circuit B');
insert into Assignment (studentID, CircuitID, circuitGrp) value (1223, 16, 'Circuit B');
insert into Assignment (studentID, CircuitID, circuitGrp) value (1224, 8, 'Circuit B');
insert into Assignment (studentID, CircuitID, circuitGrp) value (1225, 14, 'Circuit B');
insert into Assignment (studentID, CircuitID, circuitGrp) value (1226, 20, 'Circuit B');
insert into Assignment (studentID, CircuitID, circuitGrp) value (1227, 13, 'Circuit B');
insert into Assignment (studentID, CircuitID, circuitGrp) value (1228, 10, 'Circuit B');
insert into Assignment (studentID, CircuitID, circuitGrp) value (1229, 16, 'Circuit B');
insert into Assignment (studentID, CircuitID, circuitGrp) value (1230, 5, 'Circuit B');
insert into Assignment (studentID, CircuitID, circuitGrp) value (1231, 5, 'Circuit B');
insert into Assignment (studentID, CircuitID, circuitGrp) value (1232, 18, 'Circuit B');
insert into Assignment (studentID, CircuitID, circuitGrp) value (1233, 15, 'Circuit B');
insert into Assignment (studentID, CircuitID, circuitGrp) value (1234, 7, 'Circuit B');
insert into Assignment (studentID, CircuitID, circuitGrp) value (1235, 11, 'Circuit B');
insert into Assignment (studentID, CircuitID, circuitGrp) value (1236, 1, 'Circuit B');
insert into Assignment (studentID, CircuitID, circuitGrp) value (1237, 17, 'Circuit B');
insert into Assignment (studentID, CircuitID, circuitGrp) value (1238, 17, 'Circuit B');
insert into Assignment (studentID, CircuitID, circuitGrp) value (1239, 5, 'Circuit B');
insert into Assignment (studentID, CircuitID, circuitGrp) value (1240, 5, 'Circuit B');
insert into Assignment (studentID, CircuitID, circuitGrp) value (1241, 14, 'Circuit B');
insert into Assignment (studentID, CircuitID, circuitGrp) value (1242, 8, 'Circuit B');
insert into Assignment (studentID, CircuitID, circuitGrp) value (1243, 4, 'Circuit B');
insert into Assignment (studentID, CircuitID, circuitGrp) value (1244, 16, 'Circuit B');
insert into Assignment (studentID, CircuitID, circuitGrp) value (1245, 8, 'Circuit B');
insert into Assignment (studentID, CircuitID, circuitGrp) value (1246, 17, 'Circuit B');
insert into Assignment (studentID, CircuitID, circuitGrp) value (1247, 20, 'Circuit B');
insert into Assignment (studentID, CircuitID, circuitGrp) value (1248, 17, 'Circuit B');
insert into Assignment (studentID, CircuitID, circuitGrp) value (1249, 17, 'Circuit B');
insert into Assignment (studentID, CircuitID, circuitGrp) value (1250, 15, 'Circuit B');
insert into Assignment (studentID, CircuitID, circuitGrp) value (1251, 19, 'Circuit B');
insert into Assignment (studentID, CircuitID, circuitGrp) value (1252, 3, 'Circuit B');
insert into Assignment (studentID, CircuitID, circuitGrp) value (1253, 20, 'Circuit B');
insert into Assignment (studentID, CircuitID, circuitGrp) value (1254, 20, 'Circuit B');
insert into Assignment (studentID, CircuitID, circuitGrp) value (1255, 1, 'Circuit B');
insert into Assignment (studentID, CircuitID, circuitGrp) value (1256, 20, 'Circuit B');
insert into Assignment (studentID, CircuitID, circuitGrp) value (1257, 19, 'Circuit B');
insert into Assignment (studentID, CircuitID, circuitGrp) value (1258, 5, 'Circuit B');
insert into Assignment (studentID, CircuitID, circuitGrp) value (1259, 19, 'Circuit B');
insert into Assignment (studentID, CircuitID, circuitGrp) value (1260, 5, 'Circuit B');
insert into Assignment (studentID, CircuitID, circuitGrp) value (1261, 3, 'Circuit B');
insert into Assignment (studentID, CircuitID, circuitGrp) value (1262, 12, 'Circuit B');
insert into Assignment (studentID, CircuitID, circuitGrp) value (1001, 17, 'Circuit C');
insert into Assignment (studentID, CircuitID, circuitGrp) value (1002, 1, 'Circuit C');
insert into Assignment (studentID, CircuitID, circuitGrp) value (1003, 9, 'Circuit C');
insert into Assignment (studentID, CircuitID, circuitGrp) value (1004, 13, 'Circuit C');
insert into Assignment (studentID, CircuitID, circuitGrp) value (1005, 7, 'Circuit C');
insert into Assignment (studentID, CircuitID, circuitGrp) value (1006, 1, 'Circuit C');
insert into Assignment (studentID, CircuitID, circuitGrp) value (1007, 8, 'Circuit C');
insert into Assignment (studentID, CircuitID, circuitGrp) value (1008, 3, 'Circuit C');
insert into Assignment (studentID, CircuitID, circuitGrp) value (1009, 16, 'Circuit C');
insert into Assignment (studentID, CircuitID, circuitGrp) value (1010, 13, 'Circuit C');
insert into Assignment (studentID, CircuitID, circuitGrp) value (1011, 5, 'Circuit C');
insert into Assignment (studentID, CircuitID, circuitGrp) value (1012, 6, 'Circuit C');
insert into Assignment (studentID, CircuitID, circuitGrp) value (1013, 10, 'Circuit C');
insert into Assignment (studentID, CircuitID, circuitGrp) value (1014, 10, 'Circuit C');
insert into Assignment (studentID, CircuitID, circuitGrp) value (1015, 3, 'Circuit C');
insert into Assignment (studentID, CircuitID, circuitGrp) value (1016, 10, 'Circuit C');
insert into Assignment (studentID, CircuitID, circuitGrp) value (1017, 10, 'Circuit C');
insert into Assignment (studentID, CircuitID, circuitGrp) value (1018, 10, 'Circuit C');
insert into Assignment (studentID, CircuitID, circuitGrp) value (1019, 10, 'Circuit C');
insert into Assignment (studentID, CircuitID, circuitGrp) value (1020, 10, 'Circuit C');
insert into Assignment (studentID, CircuitID, circuitGrp) value (1021, 10, 'Circuit C');
insert into Assignment (studentID, CircuitID, circuitGrp) value (1022, 19, 'Circuit C');
insert into Assignment (studentID, CircuitID, circuitGrp) value (1023, 10, 'Circuit C');
insert into Assignment (studentID, CircuitID, circuitGrp) value (1024, 2, 'Circuit C');
insert into Assignment (studentID, CircuitID, circuitGrp) value (1025, 2, 'Circuit C');
insert into Assignment (studentID, CircuitID, circuitGrp) value (1026, 17, 'Circuit C');
insert into Assignment (studentID, CircuitID, circuitGrp) value (1027, 10, 'Circuit C');
insert into Assignment (studentID, CircuitID, circuitGrp) value (1028, 14, 'Circuit C');
insert into Assignment (studentID, CircuitID, circuitGrp) value (1029, 7, 'Circuit C');
insert into Assignment (studentID, CircuitID, circuitGrp) value (1030, 11, 'Circuit C');
insert into Assignment (studentID, CircuitID, circuitGrp) value (1031, 11, 'Circuit C');
insert into Assignment (studentID, CircuitID, circuitGrp) value (1032, 11, 'Circuit C');
insert into Assignment (studentID, CircuitID, circuitGrp) value (1033, 12, 'Circuit C');
insert into Assignment (studentID, CircuitID, circuitGrp) value (1034, 17, 'Circuit C');
insert into Assignment (studentID, CircuitID, circuitGrp) value (1035, 18, 'Circuit C');
insert into Assignment (studentID, CircuitID, circuitGrp) value (1036, 12, 'Circuit C');
insert into Assignment (studentID, CircuitID, circuitGrp) value (1037, 19, 'Circuit C');
insert into Assignment (studentID, CircuitID, circuitGrp) value (1038, 11, 'Circuit C');
insert into Assignment (studentID, CircuitID, circuitGrp) value (1039, 10, 'Circuit C');
insert into Assignment (studentID, CircuitID, circuitGrp) value (1040, 9, 'Circuit C');
insert into Assignment (studentID, CircuitID, circuitGrp) value (1041, 2, 'Circuit C');
insert into Assignment (studentID, CircuitID, circuitGrp) value (1042, 5, 'Circuit C');
insert into Assignment (studentID, CircuitID, circuitGrp) value (1043, 20, 'Circuit C');
insert into Assignment (studentID, CircuitID, circuitGrp) value (1044, 7, 'Circuit C');
insert into Assignment (studentID, CircuitID, circuitGrp) value (1045, 13, 'Circuit C');
insert into Assignment (studentID, CircuitID, circuitGrp) value (1046, 16, 'Circuit C');
insert into Assignment (studentID, CircuitID, circuitGrp) value (1047, 19, 'Circuit C');
insert into Assignment (studentID, CircuitID, circuitGrp) value (1048, 13, 'Circuit C');
insert into Assignment (studentID, CircuitID, circuitGrp) value (1049, 16, 'Circuit C');
insert into Assignment (studentID, CircuitID, circuitGrp) value (1050, 4, 'Circuit C');
insert into Assignment (studentID, CircuitID, circuitGrp) value (1051, 4, 'Circuit C');
insert into Assignment (studentID, CircuitID, circuitGrp) value (1052, 4, 'Circuit C');
insert into Assignment (studentID, CircuitID, circuitGrp) value (1053, 15, 'Circuit C');
insert into Assignment (studentID, CircuitID, circuitGrp) value (1054, 9, 'Circuit C');
insert into Assignment (studentID, CircuitID, circuitGrp) value (1055, 4, 'Circuit C');
insert into Assignment (studentID, CircuitID, circuitGrp) value (1056, 8, 'Circuit C');
insert into Assignment (studentID, CircuitID, circuitGrp) value (1057, 8, 'Circuit C');
insert into Assignment (studentID, CircuitID, circuitGrp) value (1058, 12, 'Circuit C');
insert into Assignment (studentID, CircuitID, circuitGrp) value (1059, 1, 'Circuit C');
insert into Assignment (studentID, CircuitID, circuitGrp) value (1060, 1, 'Circuit C');
insert into Assignment (studentID, CircuitID, circuitGrp) value (1061, 16, 'Circuit C');
insert into Assignment (studentID, CircuitID, circuitGrp) value (1062, 14, 'Circuit C');
insert into Assignment (studentID, CircuitID, circuitGrp) value (1063, 8, 'Circuit C');
insert into Assignment (studentID, CircuitID, circuitGrp) value (1064, 5, 'Circuit C');
insert into Assignment (studentID, CircuitID, circuitGrp) value (1065, 12, 'Circuit C');
insert into Assignment (studentID, CircuitID, circuitGrp) value (1066, 2, 'Circuit C');
insert into Assignment (studentID, CircuitID, circuitGrp) value (1067, 5, 'Circuit C');
insert into Assignment (studentID, CircuitID, circuitGrp) value (1068, 2, 'Circuit C');
insert into Assignment (studentID, CircuitID, circuitGrp) value (1069, 14, 'Circuit C');
insert into Assignment (studentID, CircuitID, circuitGrp) value (1070, 2, 'Circuit C');
insert into Assignment (studentID, CircuitID, circuitGrp) value (1071, 16, 'Circuit C');
insert into Assignment (studentID, CircuitID, circuitGrp) value (1072, 4, 'Circuit C');
insert into Assignment (studentID, CircuitID, circuitGrp) value (1073, 4, 'Circuit C');
insert into Assignment (studentID, CircuitID, circuitGrp) value (1074, 13, 'Circuit C');
insert into Assignment (studentID, CircuitID, circuitGrp) value (1075, 13, 'Circuit C');
insert into Assignment (studentID, CircuitID, circuitGrp) value (1076, 13, 'Circuit C');
insert into Assignment (studentID, CircuitID, circuitGrp) value (1077, 9, 'Circuit C');
insert into Assignment (studentID, CircuitID, circuitGrp) value (1078, 1, 'Circuit C');
insert into Assignment (studentID, CircuitID, circuitGrp) value (1079, 11, 'Circuit C');
insert into Assignment (studentID, CircuitID, circuitGrp) value (1080, 8, 'Circuit C');
insert into Assignment (studentID, CircuitID, circuitGrp) value (1081, 3, 'Circuit C');
insert into Assignment (studentID, CircuitID, circuitGrp) value (1082, 8, 'Circuit C');
insert into Assignment (studentID, CircuitID, circuitGrp) value (1083, 20, 'Circuit C');
insert into Assignment (studentID, CircuitID, circuitGrp) value (1084, 8, 'Circuit C');
insert into Assignment (studentID, CircuitID, circuitGrp) value (1085, 20, 'Circuit C');
insert into Assignment (studentID, CircuitID, circuitGrp) value (1086, 19, 'Circuit C');
insert into Assignment (studentID, CircuitID, circuitGrp) value (1087, 11, 'Circuit C');
insert into Assignment (studentID, CircuitID, circuitGrp) value (1088, 16, 'Circuit C');
insert into Assignment (studentID, CircuitID, circuitGrp) value (1089, 8, 'Circuit C');
insert into Assignment (studentID, CircuitID, circuitGrp) value (1090, 12, 'Circuit C');
insert into Assignment (studentID, CircuitID, circuitGrp) value (1091, 10, 'Circuit C');
insert into Assignment (studentID, CircuitID, circuitGrp) value (1092, 9, 'Circuit C');
insert into Assignment (studentID, CircuitID, circuitGrp) value (1093, 10, 'Circuit C');
insert into Assignment (studentID, CircuitID, circuitGrp) value (1094, 3, 'Circuit C');
insert into Assignment (studentID, CircuitID, circuitGrp) value (1095, 1, 'Circuit C');
insert into Assignment (studentID, CircuitID, circuitGrp) value (1096, 15, 'Circuit C');
insert into Assignment (studentID, CircuitID, circuitGrp) value (1097, 4, 'Circuit C');
insert into Assignment (studentID, CircuitID, circuitGrp) value (1098, 20, 'Circuit C');
insert into Assignment (studentID, CircuitID, circuitGrp) value (1099, 13, 'Circuit C');
insert into Assignment (studentID, CircuitID, circuitGrp) value (1100, 17, 'Circuit C');
insert into Assignment (studentID, CircuitID, circuitGrp) value (1101, 5, 'Circuit C');
insert into Assignment (studentID, CircuitID, circuitGrp) value (1102, 16, 'Circuit C');
insert into Assignment (studentID, CircuitID, circuitGrp) value (1103, 18, 'Circuit C');
insert into Assignment (studentID, CircuitID, circuitGrp) value (1104, 17, 'Circuit C');
insert into Assignment (studentID, CircuitID, circuitGrp) value (1105, 18, 'Circuit C');
insert into Assignment (studentID, CircuitID, circuitGrp) value (1106, 16, 'Circuit C');
insert into Assignment (studentID, CircuitID, circuitGrp) value (1107, 11, 'Circuit C');
insert into Assignment (studentID, CircuitID, circuitGrp) value (1108, 11, 'Circuit C');
insert into Assignment (studentID, CircuitID, circuitGrp) value (1109, 11, 'Circuit C');
insert into Assignment (studentID, CircuitID, circuitGrp) value (1110, 11, 'Circuit C');
insert into Assignment (studentID, CircuitID, circuitGrp) value (1111, 18, 'Circuit C');
insert into Assignment (studentID, CircuitID, circuitGrp) value (1112, 4, 'Circuit C');
insert into Assignment (studentID, CircuitID, circuitGrp) value (1113, 3, 'Circuit C');
insert into Assignment (studentID, CircuitID, circuitGrp) value (1114, 18, 'Circuit C');
insert into Assignment (studentID, CircuitID, circuitGrp) value (1115, 18, 'Circuit C');
insert into Assignment (studentID, CircuitID, circuitGrp) value (1116, 18, 'Circuit C');
insert into Assignment (studentID, CircuitID, circuitGrp) value (1117, 18, 'Circuit C');
insert into Assignment (studentID, CircuitID, circuitGrp) value (1118, 18, 'Circuit C');
insert into Assignment (studentID, CircuitID, circuitGrp) value (1119, 18, 'Circuit C');
insert into Assignment (studentID, CircuitID, circuitGrp) value (1120, 5, 'Circuit C');
insert into Assignment (studentID, CircuitID, circuitGrp) value (1121, 13, 'Circuit C');
insert into Assignment (studentID, CircuitID, circuitGrp) value (1122, 14, 'Circuit C');
insert into Assignment (studentID, CircuitID, circuitGrp) value (1123, 19, 'Circuit C');
insert into Assignment (studentID, CircuitID, circuitGrp) value (1124, 2, 'Circuit C');
insert into Assignment (studentID, CircuitID, circuitGrp) value (1125, 20, 'Circuit C');
insert into Assignment (studentID, CircuitID, circuitGrp) value (1126, 6, 'Circuit C');
insert into Assignment (studentID, CircuitID, circuitGrp) value (1127, 13, 'Circuit C');
insert into Assignment (studentID, CircuitID, circuitGrp) value (1128, 7, 'Circuit C');
insert into Assignment (studentID, CircuitID, circuitGrp) value (1129, 19, 'Circuit C');
insert into Assignment (studentID, CircuitID, circuitGrp) value (1130, 4, 'Circuit C');
insert into Assignment (studentID, CircuitID, circuitGrp) value (1131, 15, 'Circuit C');
insert into Assignment (studentID, CircuitID, circuitGrp) value (1132, 5, 'Circuit C');
insert into Assignment (studentID, CircuitID, circuitGrp) value (1133, 15, 'Circuit C');
insert into Assignment (studentID, CircuitID, circuitGrp) value (1134, 14, 'Circuit C');
insert into Assignment (studentID, CircuitID, circuitGrp) value (1135, 5, 'Circuit C');
insert into Assignment (studentID, CircuitID, circuitGrp) value (1136, 20, 'Circuit C');
insert into Assignment (studentID, CircuitID, circuitGrp) value (1137, 9, 'Circuit C');
insert into Assignment (studentID, CircuitID, circuitGrp) value (1138, 13, 'Circuit C');
insert into Assignment (studentID, CircuitID, circuitGrp) value (1139, 3, 'Circuit C');
insert into Assignment (studentID, CircuitID, circuitGrp) value (1140, 9, 'Circuit C');
insert into Assignment (studentID, CircuitID, circuitGrp) value (1141, 2, 'Circuit C');
insert into Assignment (studentID, CircuitID, circuitGrp) value (1142, 19, 'Circuit C');
insert into Assignment (studentID, CircuitID, circuitGrp) value (1143, 13, 'Circuit C');
insert into Assignment (studentID, CircuitID, circuitGrp) value (1144, 15, 'Circuit C');
insert into Assignment (studentID, CircuitID, circuitGrp) value (1145, 12, 'Circuit C');
insert into Assignment (studentID, CircuitID, circuitGrp) value (1146, 18, 'Circuit C');
insert into Assignment (studentID, CircuitID, circuitGrp) value (1147, 6, 'Circuit C');
insert into Assignment (studentID, CircuitID, circuitGrp) value (1148, 14, 'Circuit C');
insert into Assignment (studentID, CircuitID, circuitGrp) value (1149, 20, 'Circuit C');
insert into Assignment (studentID, CircuitID, circuitGrp) value (1150, 15, 'Circuit C');
insert into Assignment (studentID, CircuitID, circuitGrp) value (1151, 9, 'Circuit C');
insert into Assignment (studentID, CircuitID, circuitGrp) value (1152, 4, 'Circuit C');
insert into Assignment (studentID, CircuitID, circuitGrp) value (1153, 9, 'Circuit C');
insert into Assignment (studentID, CircuitID, circuitGrp) value (1154, 13, 'Circuit C');
insert into Assignment (studentID, CircuitID, circuitGrp) value (1155, 16, 'Circuit C');
insert into Assignment (studentID, CircuitID, circuitGrp) value (1156, 3, 'Circuit C');
insert into Assignment (studentID, CircuitID, circuitGrp) value (1157, 1, 'Circuit C');
insert into Assignment (studentID, CircuitID, circuitGrp) value (1158, 1, 'Circuit C');
insert into Assignment (studentID, CircuitID, circuitGrp) value (1159, 8, 'Circuit C');
insert into Assignment (studentID, CircuitID, circuitGrp) value (1160, 14, 'Circuit C');
insert into Assignment (studentID, CircuitID, circuitGrp) value (1161, 6, 'Circuit C');
insert into Assignment (studentID, CircuitID, circuitGrp) value (1162, 15, 'Circuit C');
insert into Assignment (studentID, CircuitID, circuitGrp) value (1163, 14, 'Circuit C');
insert into Assignment (studentID, CircuitID, circuitGrp) value (1164, 3, 'Circuit C');
insert into Assignment (studentID, CircuitID, circuitGrp) value (1165, 14, 'Circuit C');
insert into Assignment (studentID, CircuitID, circuitGrp) value (1166, 1, 'Circuit C');
insert into Assignment (studentID, CircuitID, circuitGrp) value (1167, 1, 'Circuit C');
insert into Assignment (studentID, CircuitID, circuitGrp) value (1168, 14, 'Circuit C');
insert into Assignment (studentID, CircuitID, circuitGrp) value (1169, 13, 'Circuit C');
insert into Assignment (studentID, CircuitID, circuitGrp) value (1170, 17, 'Circuit C');
insert into Assignment (studentID, CircuitID, circuitGrp) value (1171, 17, 'Circuit C');
insert into Assignment (studentID, CircuitID, circuitGrp) value (1172, 1, 'Circuit C');
insert into Assignment (studentID, CircuitID, circuitGrp) value (1173, 10, 'Circuit C');
insert into Assignment (studentID, CircuitID, circuitGrp) value (1174, 7, 'Circuit C');
insert into Assignment (studentID, CircuitID, circuitGrp) value (1175, 16, 'Circuit C');
insert into Assignment (studentID, CircuitID, circuitGrp) value (1176, 16, 'Circuit C');
insert into Assignment (studentID, CircuitID, circuitGrp) value (1177, 12, 'Circuit C');
insert into Assignment (studentID, CircuitID, circuitGrp) value (1178, 8, 'Circuit C');
insert into Assignment (studentID, CircuitID, circuitGrp) value (1179, 16, 'Circuit C');
insert into Assignment (studentID, CircuitID, circuitGrp) value (1180, 6, 'Circuit C');
insert into Assignment (studentID, CircuitID, circuitGrp) value (1181, 14, 'Circuit C');
insert into Assignment (studentID, CircuitID, circuitGrp) value (1182, 16, 'Circuit C');
insert into Assignment (studentID, CircuitID, circuitGrp) value (1183, 8, 'Circuit C');
insert into Assignment (studentID, CircuitID, circuitGrp) value (1184, 20, 'Circuit C');
insert into Assignment (studentID, CircuitID, circuitGrp) value (1185, 7, 'Circuit C');
insert into Assignment (studentID, CircuitID, circuitGrp) value (1186, 9, 'Circuit C');
insert into Assignment (studentID, CircuitID, circuitGrp) value (1187, 7, 'Circuit C');
insert into Assignment (studentID, CircuitID, circuitGrp) value (1188, 7, 'Circuit C');
insert into Assignment (studentID, CircuitID, circuitGrp) value (1189, 20, 'Circuit C');
insert into Assignment (studentID, CircuitID, circuitGrp) value (1190, 20, 'Circuit C');
insert into Assignment (studentID, CircuitID, circuitGrp) value (1191, 14, 'Circuit C');
insert into Assignment (studentID, CircuitID, circuitGrp) value (1192, 8, 'Circuit C');
insert into Assignment (studentID, CircuitID, circuitGrp) value (1193, 14, 'Circuit C');
insert into Assignment (studentID, CircuitID, circuitGrp) value (1194, 8, 'Circuit C');
insert into Assignment (studentID, CircuitID, circuitGrp) value (1195, 19, 'Circuit C');
insert into Assignment (studentID, CircuitID, circuitGrp) value (1196, 1, 'Circuit C');
insert into Assignment (studentID, CircuitID, circuitGrp) value (1197, 7, 'Circuit C');
insert into Assignment (studentID, CircuitID, circuitGrp) value (1298, 1, 'Circuit C');
insert into Assignment (studentID, CircuitID, circuitGrp) value (1199, 19, 'Circuit C');
insert into Assignment (studentID, CircuitID, circuitGrp) value (1200, 12, 'Circuit C');
insert into Assignment (studentID, CircuitID, circuitGrp) value (1201, 12, 'Circuit C');
insert into Assignment (studentID, CircuitID, circuitGrp) value (1202, 19, 'Circuit C');
insert into Assignment (studentID, CircuitID, circuitGrp) value (1203, 19, 'Circuit C');
insert into Assignment (studentID, CircuitID, circuitGrp) value (1204, 7, 'Circuit C');
insert into Assignment (studentID, CircuitID, circuitGrp) value (1205, 20, 'Circuit C');
insert into Assignment (studentID, CircuitID, circuitGrp) value (1206, 7, 'Circuit C');
insert into Assignment (studentID, CircuitID, circuitGrp) value (1207, 19, 'Circuit C');
insert into Assignment (studentID, CircuitID, circuitGrp) value (1208, 19, 'Circuit C');
insert into Assignment (studentID, CircuitID, circuitGrp) value (1209, 19, 'Circuit C');
insert into Assignment (studentID, CircuitID, circuitGrp) value (1210, 14, 'Circuit C');
insert into Assignment (studentID, CircuitID, circuitGrp) value (1211, 4, 'Circuit C');
insert into Assignment (studentID, CircuitID, circuitGrp) value (1212, 2, 'Circuit C');
insert into Assignment (studentID, CircuitID, circuitGrp) value (1213, 6, 'Circuit C');
insert into Assignment (studentID, CircuitID, circuitGrp) value (1214, 3, 'Circuit C');
insert into Assignment (studentID, CircuitID, circuitGrp) value (1215, 17, 'Circuit C');
insert into Assignment (studentID, CircuitID, circuitGrp) value (1216, 5, 'Circuit C');
insert into Assignment (studentID, CircuitID, circuitGrp) value (1217, 3, 'Circuit C');
insert into Assignment (studentID, CircuitID, circuitGrp) value (1218, 4, 'Circuit C');
insert into Assignment (studentID, CircuitID, circuitGrp) value (1219, 11, 'Circuit C');
insert into Assignment (studentID, CircuitID, circuitGrp) value (1220, 3, 'Circuit C');
insert into Assignment (studentID, CircuitID, circuitGrp) value (1221, 19, 'Circuit C');
insert into Assignment (studentID, CircuitID, circuitGrp) value (1222, 10, 'Circuit C');
insert into Assignment (studentID, CircuitID, circuitGrp) value (1223, 3, 'Circuit C');
insert into Assignment (studentID, CircuitID, circuitGrp) value (1224, 3, 'Circuit C');
insert into Assignment (studentID, CircuitID, circuitGrp) value (1225, 6, 'Circuit C');
insert into Assignment (studentID, CircuitID, circuitGrp) value (1226, 14, 'Circuit C');
insert into Assignment (studentID, CircuitID, circuitGrp) value (1227, 1, 'Circuit C');
insert into Assignment (studentID, CircuitID, circuitGrp) value (1228, 7, 'Circuit C');
insert into Assignment (studentID, CircuitID, circuitGrp) value (1229, 7, 'Circuit C');
insert into Assignment (studentID, CircuitID, circuitGrp) value (1230, 9, 'Circuit C');
insert into Assignment (studentID, CircuitID, circuitGrp) value (1231, 9, 'Circuit C');
insert into Assignment (studentID, CircuitID, circuitGrp) value (1232, 15, 'Circuit C');
insert into Assignment (studentID, CircuitID, circuitGrp) value (1233, 2, 'Circuit C');
insert into Assignment (studentID, CircuitID, circuitGrp) value (1234, 15, 'Circuit C');
insert into Assignment (studentID, CircuitID, circuitGrp) value (1235, 7, 'Circuit C');
insert into Assignment (studentID, CircuitID, circuitGrp) value (1236, 8, 'Circuit C');
insert into Assignment (studentID, CircuitID, circuitGrp) value (1237, 11, 'Circuit C');
insert into Assignment (studentID, CircuitID, circuitGrp) value (1238, 11, 'Circuit C');
insert into Assignment (studentID, CircuitID, circuitGrp) value (1239, 14, 'Circuit C');
insert into Assignment (studentID, CircuitID, circuitGrp) value (1240, 11, 'Circuit C');
insert into Assignment (studentID, CircuitID, circuitGrp) value (1241, 13, 'Circuit C');
insert into Assignment (studentID, CircuitID, circuitGrp) value (1242, 7, 'Circuit C');
insert into Assignment (studentID, CircuitID, circuitGrp) value (1243, 5, 'Circuit C');
insert into Assignment (studentID, CircuitID, circuitGrp) value (1244, 3, 'Circuit C');
insert into Assignment (studentID, CircuitID, circuitGrp) value (1245, 18, 'Circuit C');
insert into Assignment (studentID, CircuitID, circuitGrp) value (1246, 14, 'Circuit C');
insert into Assignment (studentID, CircuitID, circuitGrp) value (1247, 14, 'Circuit C');
insert into Assignment (studentID, CircuitID, circuitGrp) value (1248, 15, 'Circuit C');
insert into Assignment (studentID, CircuitID, circuitGrp) value (1249, 14, 'Circuit C');
insert into Assignment (studentID, CircuitID, circuitGrp) value (1250, 9, 'Circuit C');
insert into Assignment (studentID, CircuitID, circuitGrp) value (1251, 5, 'Circuit C');
insert into Assignment (studentID, CircuitID, circuitGrp) value (1252, 16, 'Circuit C');
insert into Assignment (studentID, CircuitID, circuitGrp) value (1253, 4, 'Circuit C');
insert into Assignment (studentID, CircuitID, circuitGrp) value (1254, 11, 'Circuit C');
insert into Assignment (studentID, CircuitID, circuitGrp) value (1255, 4, 'Circuit C');
insert into Assignment (studentID, CircuitID, circuitGrp) value (1256, 3, 'Circuit C');
insert into Assignment (studentID, CircuitID, circuitGrp) value (1257, 16, 'Circuit C');
insert into Assignment (studentID, CircuitID, circuitGrp) value (1258, 9, 'Circuit C');
insert into Assignment (studentID, CircuitID, circuitGrp) value (1259, 1, 'Circuit C');
insert into Assignment (studentID, CircuitID, circuitGrp) value (1260, 4, 'Circuit C');
insert into Assignment (studentID, CircuitID, circuitGrp) value (1261, 8, 'Circuit C');
insert into Assignment (studentID, CircuitID, circuitGrp) value (1262, 14, 'Circuit C');
--
/*populate preference table*/
insert into Preference(studentID, circuitID, circuitGrp, prefNum) value (1001, 2, 'Circuit A', 1);
insert into Preference(studentID, circuitID, circuitGrp, prefNum) value (1002, 9, 'Circuit A', 1);
insert into Preference(studentID, circuitID, circuitGrp, prefNum) value (1003, 9, 'Circuit A', 1);
insert into Preference(studentID, circuitID, circuitGrp, prefNum) value (1004, 15, 'Circuit A', 1);
insert into Preference(studentID, circuitID, circuitGrp, prefNum) value (1005, 2, 'Circuit A', 1);
insert into Preference(studentID, circuitID, circuitGrp, prefNum) value (1001, 20, 'Circuit A', 2);
insert into Preference(studentID, circuitID, circuitGrp, prefNum) value (1002, 2, 'Circuit A', 2);
insert into Preference(studentID, circuitID, circuitGrp, prefNum) value (1003, 10, 'Circuit A', 2);
insert into Preference(studentID, circuitID, circuitGrp, prefNum) value (1004, 13, 'Circuit A', 2);
insert into Preference(studentID, circuitID, circuitGrp, prefNum) value (1005, 17, 'Circuit A', 2);
insert into Preference(studentID, circuitID, circuitGrp, prefNum) value (1001, 15, 'Circuit A', 3);
insert into Preference(studentID, circuitID, circuitGrp, prefNum) value (1002, 7, 'Circuit A', 3);
insert into Preference(studentID, circuitID, circuitGrp, prefNum) value (1003, 5, 'Circuit A', 3);
insert into Preference(studentID, circuitID, circuitGrp, prefNum) value (1004, 2, 'Circuit A', 3);
insert into Preference(studentID, circuitID, circuitGrp, prefNum) value (1005, 20, 'Circuit A', 3);
insert into Preference(studentID, circuitID, circuitGrp, prefNum) value (1001, 14, 'Circuit A', 4);
insert into Preference(studentID, circuitID, circuitGrp, prefNum) value (1002, 5, 'Circuit A', 4);
insert into Preference(studentID, circuitID, circuitGrp, prefNum) value (1003, 17, 'Circuit A', 4);
insert into Preference(studentID, circuitID, circuitGrp, prefNum) value (1004, 20, 'Circuit A', 4);
insert into Preference(studentID, circuitID, circuitGrp, prefNum) value (1005, 9, 'Circuit A', 4);
insert into Preference(studentID, circuitID, circuitGrp, prefNum) value (1001, 8, 'Circuit B', 1);
insert into Preference(studentID, circuitID, circuitGrp, prefNum) value (1002, 4, 'Circuit B', 1);
insert into Preference(studentID, circuitID, circuitGrp, prefNum) value (1003, 5, 'Circuit B', 1);
insert into Preference(studentID, circuitID, circuitGrp, prefNum) value (1004, 20, 'Circuit B', 1);
insert into Preference(studentID, circuitID, circuitGrp, prefNum) value (1005, 9, 'Circuit B', 1);
insert into Preference(studentID, circuitID, circuitGrp, prefNum) value (1001, 14, 'Circuit B', 2);
insert into Preference(studentID, circuitID, circuitGrp, prefNum) value (1002, 6, 'Circuit B', 2);
insert into Preference(studentID, circuitID, circuitGrp, prefNum) value (1003, 9, 'Circuit B', 2);
insert into Preference(studentID, circuitID, circuitGrp, prefNum) value (1004, 14, 'Circuit B', 2);
insert into Preference(studentID, circuitID, circuitGrp, prefNum) value (1005, 5, 'Circuit B', 2);
insert into Preference(studentID, circuitID, circuitGrp, prefNum) value (1001, 1, 'Circuit B', 3);
insert into Preference(studentID, circuitID, circuitGrp, prefNum) value (1002, 19, 'Circuit B', 3);
insert into Preference(studentID, circuitID, circuitGrp, prefNum) value (1003, 17, 'Circuit B', 3);
insert into Preference(studentID, circuitID, circuitGrp, prefNum) value (1004, 17, 'Circuit B', 3);
insert into Preference(studentID, circuitID, circuitGrp, prefNum) value (1005, 4, 'Circuit B', 3);
insert into Preference(studentID, circuitID, circuitGrp, prefNum) value (1001, 20, 'Circuit B', 4);
insert into Preference(studentID, circuitID, circuitGrp, prefNum) value (1002, 9, 'Circuit B', 4);
insert into Preference(studentID, circuitID, circuitGrp, prefNum) value (1003, 3, 'Circuit B', 4);
insert into Preference(studentID, circuitID, circuitGrp, prefNum) value (1004, 20, 'Circuit B', 4);
insert into Preference(studentID, circuitID, circuitGrp, prefNum) value (1005, 19, 'Circuit B', 4);
insert into Preference(studentID, circuitID, circuitGrp, prefNum) value (1001, 15, 'Circuit C', 1);
insert into Preference(studentID, circuitID, circuitGrp, prefNum) value (1002, 7, 'Circuit C', 1);
insert into Preference(studentID, circuitID, circuitGrp, prefNum) value (1003, 9, 'Circuit C', 1);
insert into Preference(studentID, circuitID, circuitGrp, prefNum) value (1004, 13, 'Circuit C', 1);
insert into Preference(studentID, circuitID, circuitGrp, prefNum) value (1005, 7, 'Circuit C', 1);
insert into Preference(studentID, circuitID, circuitGrp, prefNum) value (1001, 14, 'Circuit C', 2);
insert into Preference(studentID, circuitID, circuitGrp, prefNum) value (1002, 4, 'Circuit C', 2);
insert into Preference(studentID, circuitID, circuitGrp, prefNum) value (1003, 11, 'Circuit C', 2);
insert into Preference(studentID, circuitID, circuitGrp, prefNum) value (1004, 15, 'Circuit C', 2);
insert into Preference(studentID, circuitID, circuitGrp, prefNum) value (1005, 10, 'Circuit C', 2);
insert into Preference(studentID, circuitID, circuitGrp, prefNum) value (1001, 8, 'Circuit C', 3);
insert into Preference(studentID, circuitID, circuitGrp, prefNum) value (1002, 9, 'Circuit C', 3);
insert into Preference(studentID, circuitID, circuitGrp, prefNum) value (1003, 10, 'Circuit C', 3);
insert into Preference(studentID, circuitID, circuitGrp, prefNum) value (1004, 14, 'Circuit C', 3);
insert into Preference(studentID, circuitID, circuitGrp, prefNum) value (1005, 15, 'Circuit C', 3);
insert into Preference(studentID, circuitID, circuitGrp, prefNum) value (1001, 1, 'Circuit C', 4);
insert into Preference(studentID, circuitID, circuitGrp, prefNum) value (1002, 1, 'Circuit C', 4);
insert into Preference(studentID, circuitID, circuitGrp, prefNum) value (1003, 1, 'Circuit C', 4);
insert into Preference(studentID, circuitID, circuitGrp, prefNum) value (1004, 1, 'Circuit C', 4);
insert into Preference(studentID, circuitID, circuitGrp, prefNum) value (1005, 1, 'Circuit C', 4);
